name,link,severity,package,version,fixedBy
CVE-2025-62171,https://avd.aquasec.com/nvd/cve-2025-62171,HIGH,imagemagick,8:7.1.1.43+dfsg1-1+deb13u2,8:7.1.1.43+dfsg1-1+deb13u3
CVE-2025-62171,https://avd.aquasec.com/nvd/cve-2025-62171,HIGH,imagemagick-7-common,8:7.1.1.43+dfsg1-1+deb13u2,8:7.1.1.43+dfsg1-1+deb13u3
CVE-2025-62171,https://avd.aquasec.com/nvd/cve-2025-62171,HIGH,imagemagick-7.q16,8:7.1.1.43+dfsg1-1+deb13u2,8:7.1.1.43+dfsg1-1+deb13u3
CVE-2023-44431,https://avd.aquasec.com/nvd/cve-2023-44431,HIGH,libbluetooth-dev,5.82-1.1,
CVE-2023-51596,https://avd.aquasec.com/nvd/cve-2023-51596,HIGH,libbluetooth-dev,5.82-1.1,
CVE-2023-44431,https://avd.aquasec.com/nvd/cve-2023-44431,HIGH,libbluetooth3,5.82-1.1,
CVE-2023-51596,https://avd.aquasec.com/nvd/cve-2023-51596,HIGH,libbluetooth3,5.82-1.1,
CVE-2025-62171,https://avd.aquasec.com/nvd/cve-2025-62171,HIGH,libmagickcore-7-arch-config,8:7.1.1.43+dfsg1-1+deb13u2,8:7.1.1.43+dfsg1-1+deb13u3
CVE-2025-62171,https://avd.aquasec.com/nvd/cve-2025-62171,HIGH,libmagickcore-7-headers,8:7.1.1.43+dfsg1-1+deb13u2,8:7.1.1.43+dfsg1-1+deb13u3
CVE-2025-62171,https://avd.aquasec.com/nvd/cve-2025-62171,HIGH,libmagickcore-7.q16-10,8:7.1.1.43+dfsg1-1+deb13u2,8:7.1.1.43+dfsg1-1+deb13u3
CVE-2025-62171,https://avd.aquasec.com/nvd/cve-2025-62171,HIGH,libmagickcore-7.q16-10-extra,8:7.1.1.43+dfsg1-1+deb13u2,8:7.1.1.43+dfsg1-1+deb13u3
CVE-2025-62171,https://avd.aquasec.com/nvd/cve-2025-62171,HIGH,libmagickcore-7.q16-dev,8:7.1.1.43+dfsg1-1+deb13u2,8:7.1.1.43+dfsg1-1+deb13u3
CVE-2025-62171,https://avd.aquasec.com/nvd/cve-2025-62171,HIGH,libmagickcore-dev,8:7.1.1.43+dfsg1-1+deb13u2,8:7.1.1.43+dfsg1-1+deb13u3
CVE-2025-62171,https://avd.aquasec.com/nvd/cve-2025-62171,HIGH,libmagickwand-7-headers,8:7.1.1.43+dfsg1-1+deb13u2,8:7.1.1.43+dfsg1-1+deb13u3
CVE-2025-62171,https://avd.aquasec.com/nvd/cve-2025-62171,HIGH,libmagickwand-7.q16-10,8:7.1.1.43+dfsg1-1+deb13u2,8:7.1.1.43+dfsg1-1+deb13u3
CVE-2025-62171,https://avd.aquasec.com/nvd/cve-2025-62171,HIGH,libmagickwand-7.q16-dev,8:7.1.1.43+dfsg1-1+deb13u2,8:7.1.1.43+dfsg1-1+deb13u3
CVE-2025-62171,https://avd.aquasec.com/nvd/cve-2025-62171,HIGH,libmagickwand-dev,8:7.1.1.43+dfsg1-1+deb13u2,8:7.1.1.43+dfsg1-1+deb13u3
CVE-2025-12818,https://avd.aquasec.com/nvd/cve-2025-12818,HIGH,libpq-dev,17.6-0+deb13u1,
CVE-2025-12818,https://avd.aquasec.com/nvd/cve-2025-12818,HIGH,libpq5,17.6-0+deb13u1,
CVE-2025-8194,https://avd.aquasec.com/nvd/cve-2025-8194,HIGH,libpython3.13-minimal,3.13.5-2,
CVE-2025-8194,https://avd.aquasec.com/nvd/cve-2025-8194,HIGH,libpython3.13-stdlib,3.13.5-2,
CVE-2025-7425,https://avd.aquasec.com/nvd/cve-2025-7425,HIGH,libxslt1-dev,1.1.35-1.2+deb13u2,
CVE-2025-7425,https://avd.aquasec.com/nvd/cve-2025-7425,HIGH,libxslt1.1,1.1.35-1.2+deb13u2,
CVE-2013-7445,https://avd.aquasec.com/nvd/cve-2013-7445,HIGH,linux-libc-dev,6.12.48-1,
CVE-2019-19449,https://avd.aquasec.com/nvd/cve-2019-19449,HIGH,linux-libc-dev,6.12.48-1,
CVE-2019-19814,https://avd.aquasec.com/nvd/cve-2019-19814,HIGH,linux-libc-dev,6.12.48-1,
CVE-2021-3847,https://avd.aquasec.com/nvd/cve-2021-3847,HIGH,linux-libc-dev,6.12.48-1,
CVE-2021-3864,https://avd.aquasec.com/nvd/cve-2021-3864,HIGH,linux-libc-dev,6.12.48-1,
CVE-2024-21803,https://avd.aquasec.com/nvd/cve-2024-21803,HIGH,linux-libc-dev,6.12.48-1,
CVE-2024-57995,https://avd.aquasec.com/nvd/cve-2024-57995,HIGH,linux-libc-dev,6.12.48-1,6.12.57-1
CVE-2024-58015,https://avd.aquasec.com/nvd/cve-2024-58015,HIGH,linux-libc-dev,6.12.48-1,
CVE-2024-58093,https://avd.aquasec.com/nvd/cve-2024-58093,HIGH,linux-libc-dev,6.12.48-1,
CVE-2025-22104,https://avd.aquasec.com/nvd/cve-2025-22104,HIGH,linux-libc-dev,6.12.48-1,
CVE-2025-22107,https://avd.aquasec.com/nvd/cve-2025-22107,HIGH,linux-libc-dev,6.12.48-1,
CVE-2025-22118,https://avd.aquasec.com/nvd/cve-2025-22118,HIGH,linux-libc-dev,6.12.48-1,
CVE-2025-22121,https://avd.aquasec.com/nvd/cve-2025-22121,HIGH,linux-libc-dev,6.12.48-1,
CVE-2025-37803,https://avd.aquasec.com/nvd/cve-2025-37803,HIGH,linux-libc-dev,6.12.48-1,6.12.57-1
CVE-2025-37825,https://avd.aquasec.com/nvd/cve-2025-37825,HIGH,linux-libc-dev,6.12.48-1,
CVE-2025-38105,https://avd.aquasec.com/nvd/cve-2025-38105,HIGH,linux-libc-dev,6.12.48-1,6.12.57-1
CVE-2025-38137,https://avd.aquasec.com/nvd/cve-2025-38137,HIGH,linux-libc-dev,6.12.48-1,
CVE-2025-38140,https://avd.aquasec.com/nvd/cve-2025-38140,HIGH,linux-libc-dev,6.12.48-1,
CVE-2025-38187,https://avd.aquasec.com/nvd/cve-2025-38187,HIGH,linux-libc-dev,6.12.48-1,
CVE-2025-38248,https://avd.aquasec.com/nvd/cve-2025-38248,HIGH,linux-libc-dev,6.12.48-1,
CVE-2025-38322,https://avd.aquasec.com/nvd/cve-2025-38322,HIGH,linux-libc-dev,6.12.48-1,6.12.57-1
CVE-2025-38421,https://avd.aquasec.com/nvd/cve-2025-38421,HIGH,linux-libc-dev,6.12.48-1,
CVE-2025-39677,https://avd.aquasec.com/nvd/cve-2025-39677,HIGH,linux-libc-dev,6.12.48-1,
CVE-2025-39905,https://avd.aquasec.com/nvd/cve-2025-39905,HIGH,linux-libc-dev,6.12.48-1,
CVE-2025-39910,https://avd.aquasec.com/nvd/cve-2025-39910,HIGH,linux-libc-dev,6.12.48-1,
CVE-2025-39931,https://avd.aquasec.com/nvd/cve-2025-39931,HIGH,linux-libc-dev,6.12.48-1,6.12.57-1
CVE-2025-39932,https://avd.aquasec.com/nvd/cve-2025-39932,HIGH,linux-libc-dev,6.12.48-1,6.12.57-1
CVE-2025-39933,https://avd.aquasec.com/nvd/cve-2025-39933,HIGH,linux-libc-dev,6.12.48-1,
CVE-2025-39949,https://avd.aquasec.com/nvd/cve-2025-39949,HIGH,linux-libc-dev,6.12.48-1,6.12.57-1
CVE-2025-39955,https://avd.aquasec.com/nvd/cve-2025-39955,HIGH,linux-libc-dev,6.12.48-1,6.12.57-1
CVE-2025-39966,https://avd.aquasec.com/nvd/cve-2025-39966,HIGH,linux-libc-dev,6.12.48-1,6.12.57-1
CVE-2025-39968,https://avd.aquasec.com/nvd/cve-2025-39968,HIGH,linux-libc-dev,6.12.48-1,6.12.57-1
CVE-2025-39970,https://avd.aquasec.com/nvd/cve-2025-39970,HIGH,linux-libc-dev,6.12.48-1,6.12.57-1
CVE-2025-39971,https://avd.aquasec.com/nvd/cve-2025-39971,HIGH,linux-libc-dev,6.12.48-1,6.12.57-1
CVE-2025-39973,https://avd.aquasec.com/nvd/cve-2025-39973,HIGH,linux-libc-dev,6.12.48-1,6.12.57-1
CVE-2025-39980,https://avd.aquasec.com/nvd/cve-2025-39980,HIGH,linux-libc-dev,6.12.48-1,6.12.57-1
CVE-2025-39981,https://avd.aquasec.com/nvd/cve-2025-39981,HIGH,linux-libc-dev,6.12.48-1,
CVE-2025-39982,https://avd.aquasec.com/nvd/cve-2025-39982,HIGH,linux-libc-dev,6.12.48-1,6.12.57-1
CVE-2025-39984,https://avd.aquasec.com/nvd/cve-2025-39984,HIGH,linux-libc-dev,6.12.48-1,6.12.57-1
CVE-2025-39992,https://avd.aquasec.com/nvd/cve-2025-39992,HIGH,linux-libc-dev,6.12.48-1,6.12.57-1
CVE-2025-39993,https://avd.aquasec.com/nvd/cve-2025-39993,HIGH,linux-libc-dev,6.12.48-1,6.12.57-1
CVE-2025-39994,https://avd.aquasec.com/nvd/cve-2025-39994,HIGH,linux-libc-dev,6.12.48-1,6.12.57-1
CVE-2025-39998,https://avd.aquasec.com/nvd/cve-2025-39998,HIGH,linux-libc-dev,6.12.48-1,6.12.57-1
CVE-2025-40005,https://avd.aquasec.com/nvd/cve-2025-40005,HIGH,linux-libc-dev,6.12.48-1,
CVE-2025-40016,https://avd.aquasec.com/nvd/cve-2025-40016,HIGH,linux-libc-dev,6.12.48-1,6.12.57-1
CVE-2025-40040,https://avd.aquasec.com/nvd/cve-2025-40040,HIGH,linux-libc-dev,6.12.48-1,6.12.57-1
CVE-2025-40047,https://avd.aquasec.com/nvd/cve-2025-40047,HIGH,linux-libc-dev,6.12.48-1,6.12.57-1
CVE-2025-40064,https://avd.aquasec.com/nvd/cve-2025-40064,HIGH,linux-libc-dev,6.12.48-1,
CVE-2025-40082,https://avd.aquasec.com/nvd/cve-2025-40082,HIGH,linux-libc-dev,6.12.48-1,
CVE-2025-40096,https://avd.aquasec.com/nvd/cve-2025-40096,HIGH,linux-libc-dev,6.12.48-1,6.12.57-1
CVE-2025-40111,https://avd.aquasec.com/nvd/cve-2025-40111,HIGH,linux-libc-dev,6.12.48-1,6.12.57-1
CVE-2025-40121,https://avd.aquasec.com/nvd/cve-2025-40121,HIGH,linux-libc-dev,6.12.48-1,6.12.57-1
CVE-2025-40132,https://avd.aquasec.com/nvd/cve-2025-40132,HIGH,linux-libc-dev,6.12.48-1,6.12.57-1
CVE-2025-40133,https://avd.aquasec.com/nvd/cve-2025-40133,HIGH,linux-libc-dev,6.12.48-1,6.12.57-1
CVE-2025-40141,https://avd.aquasec.com/nvd/cve-2025-40141,HIGH,linux-libc-dev,6.12.48-1,6.12.57-1
CVE-2025-40149,https://avd.aquasec.com/nvd/cve-2025-40149,HIGH,linux-libc-dev,6.12.48-1,
CVE-2025-40153,https://avd.aquasec.com/nvd/cve-2025-40153,HIGH,linux-libc-dev,6.12.48-1,6.12.57-1
CVE-2025-40154,https://avd.aquasec.com/nvd/cve-2025-40154,HIGH,linux-libc-dev,6.12.48-1,6.12.57-1
CVE-2025-40155,https://avd.aquasec.com/nvd/cve-2025-40155,HIGH,linux-libc-dev,6.12.48-1,6.12.57-1
CVE-2025-40158,https://avd.aquasec.com/nvd/cve-2025-40158,HIGH,linux-libc-dev,6.12.48-1,
CVE-2025-40160,https://avd.aquasec.com/nvd/cve-2025-40160,HIGH,linux-libc-dev,6.12.48-1,6.12.57-1
CVE-2025-40164,https://avd.aquasec.com/nvd/cve-2025-40164,HIGH,linux-libc-dev,6.12.48-1,
CVE-2025-40166,https://avd.aquasec.com/nvd/cve-2025-40166,HIGH,linux-libc-dev,6.12.48-1,6.12.57-1
CVE-2025-40167,https://avd.aquasec.com/nvd/cve-2025-40167,HIGH,linux-libc-dev,6.12.48-1,6.12.57-1
CVE-2025-40168,https://avd.aquasec.com/nvd/cve-2025-40168,HIGH,linux-libc-dev,6.12.48-1,
CVE-2025-40170,https://avd.aquasec.com/nvd/cve-2025-40170,HIGH,linux-libc-dev,6.12.48-1,
CVE-2025-40173,https://avd.aquasec.com/nvd/cve-2025-40173,HIGH,linux-libc-dev,6.12.48-1,6.12.57-1
CVE-2025-40176,https://avd.aquasec.com/nvd/cve-2025-40176,HIGH,linux-libc-dev,6.12.48-1,6.12.57-1
CVE-2025-40186,https://avd.aquasec.com/nvd/cve-2025-40186,HIGH,linux-libc-dev,6.12.48-1,6.12.57-1
CVE-2025-40199,https://avd.aquasec.com/nvd/cve-2025-40199,HIGH,linux-libc-dev,6.12.48-1,6.12.57-1
CVE-2025-8194,https://avd.aquasec.com/nvd/cve-2025-8194,HIGH,python3.13,3.13.5-2,
CVE-2025-8194,https://avd.aquasec.com/nvd/cve-2025-8194,HIGH,python3.13-minimal,3.13.5-2,
CVE-2025-10148,https://avd.aquasec.com/nvd/cve-2025-10148,MEDIUM,curl,8.14.1-2,8.14.1-2+deb13u1
CVE-2025-11563,https://avd.aquasec.com/nvd/cve-2025-11563,MEDIUM,curl,8.14.1-2,8.14.1-2+deb13u2
CVE-2025-9086,https://avd.aquasec.com/nvd/cve-2025-9086,MEDIUM,curl,8.14.1-2,8.14.1-2+deb13u1
CVE-2025-62594,https://avd.aquasec.com/nvd/cve-2025-62594,MEDIUM,imagemagick,8:7.1.1.43+dfsg1-1+deb13u2,
CVE-2025-62594,https://avd.aquasec.com/nvd/cve-2025-62594,MEDIUM,imagemagick-7-common,8:7.1.1.43+dfsg1-1+deb13u2,
CVE-2025-62594,https://avd.aquasec.com/nvd/cve-2025-62594,MEDIUM,imagemagick-7.q16,8:7.1.1.43+dfsg1-1+deb13u2,
CVE-2023-51580,https://avd.aquasec.com/nvd/cve-2023-51580,MEDIUM,libbluetooth-dev,5.82-1.1,
CVE-2023-51589,https://avd.aquasec.com/nvd/cve-2023-51589,MEDIUM,libbluetooth-dev,5.82-1.1,
CVE-2023-51592,https://avd.aquasec.com/nvd/cve-2023-51592,MEDIUM,libbluetooth-dev,5.82-1.1,
CVE-2023-51594,https://avd.aquasec.com/nvd/cve-2023-51594,MEDIUM,libbluetooth-dev,5.82-1.1,
CVE-2023-51580,https://avd.aquasec.com/nvd/cve-2023-51580,MEDIUM,libbluetooth3,5.82-1.1,
CVE-2023-51589,https://avd.aquasec.com/nvd/cve-2023-51589,MEDIUM,libbluetooth3,5.82-1.1,
CVE-2023-51592,https://avd.aquasec.com/nvd/cve-2023-51592,MEDIUM,libbluetooth3,5.82-1.1,
CVE-2023-51594,https://avd.aquasec.com/nvd/cve-2023-51594,MEDIUM,libbluetooth3,5.82-1.1,
CVE-2025-10148,https://avd.aquasec.com/nvd/cve-2025-10148,MEDIUM,libcurl3t64-gnutls,8.14.1-2,8.14.1-2+deb13u1
CVE-2025-11563,https://avd.aquasec.com/nvd/cve-2025-11563,MEDIUM,libcurl3t64-gnutls,8.14.1-2,8.14.1-2+deb13u2
CVE-2025-9086,https://avd.aquasec.com/nvd/cve-2025-9086,MEDIUM,libcurl3t64-gnutls,8.14.1-2,8.14.1-2+deb13u1
CVE-2025-10148,https://avd.aquasec.com/nvd/cve-2025-10148,MEDIUM,libcurl4-openssl-dev,8.14.1-2,8.14.1-2+deb13u1
CVE-2025-11563,https://avd.aquasec.com/nvd/cve-2025-11563,MEDIUM,libcurl4-openssl-dev,8.14.1-2,8.14.1-2+deb13u2
CVE-2025-9086,https://avd.aquasec.com/nvd/cve-2025-9086,MEDIUM,libcurl4-openssl-dev,8.14.1-2,8.14.1-2+deb13u1
CVE-2025-10148,https://avd.aquasec.com/nvd/cve-2025-10148,MEDIUM,libcurl4t64,8.14.1-2,8.14.1-2+deb13u1
CVE-2025-11563,https://avd.aquasec.com/nvd/cve-2025-11563,MEDIUM,libcurl4t64,8.14.1-2,8.14.1-2+deb13u2
CVE-2025-9086,https://avd.aquasec.com/nvd/cve-2025-9086,MEDIUM,libcurl4t64,8.14.1-2,8.14.1-2+deb13u1
CVE-2024-38949,https://avd.aquasec.com/nvd/cve-2024-38949,MEDIUM,libde265-0,1.0.15-1+b3,
CVE-2024-38950,https://avd.aquasec.com/nvd/cve-2024-38950,MEDIUM,libde265-0,1.0.15-1+b3,
CVE-2025-59375,https://avd.aquasec.com/nvd/cve-2025-59375,MEDIUM,libexpat1,2.7.1-2,
CVE-2025-59375,https://avd.aquasec.com/nvd/cve-2025-59375,MEDIUM,libexpat1-dev,2.7.1-2,
CVE-2025-62594,https://avd.aquasec.com/nvd/cve-2025-62594,MEDIUM,libmagickcore-7-arch-config,8:7.1.1.43+dfsg1-1+deb13u2,
CVE-2025-62594,https://avd.aquasec.com/nvd/cve-2025-62594,MEDIUM,libmagickcore-7-headers,8:7.1.1.43+dfsg1-1+deb13u2,
CVE-2025-62594,https://avd.aquasec.com/nvd/cve-2025-62594,MEDIUM,libmagickcore-7.q16-10,8:7.1.1.43+dfsg1-1+deb13u2,
CVE-2025-62594,https://avd.aquasec.com/nvd/cve-2025-62594,MEDIUM,libmagickcore-7.q16-10-extra,8:7.1.1.43+dfsg1-1+deb13u2,
CVE-2025-62594,https://avd.aquasec.com/nvd/cve-2025-62594,MEDIUM,libmagickcore-7.q16-dev,8:7.1.1.43+dfsg1-1+deb13u2,
CVE-2025-62594,https://avd.aquasec.com/nvd/cve-2025-62594,MEDIUM,libmagickcore-dev,8:7.1.1.43+dfsg1-1+deb13u2,
CVE-2025-62594,https://avd.aquasec.com/nvd/cve-2025-62594,MEDIUM,libmagickwand-7-headers,8:7.1.1.43+dfsg1-1+deb13u2,
CVE-2025-62594,https://avd.aquasec.com/nvd/cve-2025-62594,MEDIUM,libmagickwand-7.q16-10,8:7.1.1.43+dfsg1-1+deb13u2,
CVE-2025-62594,https://avd.aquasec.com/nvd/cve-2025-62594,MEDIUM,libmagickwand-7.q16-dev,8:7.1.1.43+dfsg1-1+deb13u2,
CVE-2025-62594,https://avd.aquasec.com/nvd/cve-2025-62594,MEDIUM,libmagickwand-dev,8:7.1.1.43+dfsg1-1+deb13u2,
CVE-2025-48074,https://avd.aquasec.com/nvd/cve-2025-48074,MEDIUM,libopenexr-3-1-30,3.1.13-2,
CVE-2025-48074,https://avd.aquasec.com/nvd/cve-2025-48074,MEDIUM,libopenexr-dev,3.1.13-2,
CVE-2023-39327,https://avd.aquasec.com/nvd/cve-2023-39327,MEDIUM,libopenjp2-7,2.5.3-2.1~deb13u1,
CVE-2023-39328,https://avd.aquasec.com/nvd/cve-2023-39328,MEDIUM,libopenjp2-7,2.5.3-2.1~deb13u1,
CVE-2023-39329,https://avd.aquasec.com/nvd/cve-2023-39329,MEDIUM,libopenjp2-7,2.5.3-2.1~deb13u1,
CVE-2023-39327,https://avd.aquasec.com/nvd/cve-2023-39327,MEDIUM,libopenjp2-7-dev,2.5.3-2.1~deb13u1,
CVE-2023-39328,https://avd.aquasec.com/nvd/cve-2023-39328,MEDIUM,libopenjp2-7-dev,2.5.3-2.1~deb13u1,
CVE-2023-39329,https://avd.aquasec.com/nvd/cve-2023-39329,MEDIUM,libopenjp2-7-dev,2.5.3-2.1~deb13u1,
CVE-2025-12817,https://avd.aquasec.com/nvd/cve-2025-12817,MEDIUM,libpq-dev,17.6-0+deb13u1,
CVE-2025-12817,https://avd.aquasec.com/nvd/cve-2025-12817,MEDIUM,libpq5,17.6-0+deb13u1,
CVE-2025-6069,https://avd.aquasec.com/nvd/cve-2025-6069,MEDIUM,libpython3.13-minimal,3.13.5-2,
CVE-2025-6075,https://avd.aquasec.com/nvd/cve-2025-6075,MEDIUM,libpython3.13-minimal,3.13.5-2,
CVE-2025-8291,https://avd.aquasec.com/nvd/cve-2025-8291,MEDIUM,libpython3.13-minimal,3.13.5-2,
CVE-2025-6069,https://avd.aquasec.com/nvd/cve-2025-6069,MEDIUM,libpython3.13-stdlib,3.13.5-2,
CVE-2025-6075,https://avd.aquasec.com/nvd/cve-2025-6075,MEDIUM,libpython3.13-stdlib,3.13.5-2,
CVE-2025-8291,https://avd.aquasec.com/nvd/cve-2025-8291,MEDIUM,libpython3.13-stdlib,3.13.5-2,
CVE-2025-7709,https://avd.aquasec.com/nvd/cve-2025-7709,MEDIUM,libsqlite3-0,3.46.1-7,
CVE-2025-7709,https://avd.aquasec.com/nvd/cve-2025-7709,MEDIUM,libsqlite3-dev,3.46.1-7,
CVE-2025-11411,https://avd.aquasec.com/nvd/cve-2025-11411,MEDIUM,libunbound8,1.22.0-2,
CVE-2025-9714,https://avd.aquasec.com/nvd/cve-2025-9714,MEDIUM,libxml2,2.12.7+dfsg+really2.9.14-2.1+deb13u1,2.12.7+dfsg+really2.9.14-2.1+deb13u2
CVE-2025-9714,https://avd.aquasec.com/nvd/cve-2025-9714,MEDIUM,libxml2-dev,2.12.7+dfsg+really2.9.14-2.1+deb13u1,2.12.7+dfsg+really2.9.14-2.1+deb13u2
CVE-2025-10911,https://avd.aquasec.com/nvd/cve-2025-10911,MEDIUM,libxslt1-dev,1.1.35-1.2+deb13u2,
CVE-2025-10911,https://avd.aquasec.com/nvd/cve-2025-10911,MEDIUM,libxslt1.1,1.1.35-1.2+deb13u2,
CVE-2019-15213,https://avd.aquasec.com/nvd/cve-2019-15213,MEDIUM,linux-libc-dev,6.12.48-1,
CVE-2019-16089,https://avd.aquasec.com/nvd/cve-2019-16089,MEDIUM,linux-libc-dev,6.12.48-1,
CVE-2019-20794,https://avd.aquasec.com/nvd/cve-2019-20794,MEDIUM,linux-libc-dev,6.12.48-1,
CVE-2020-14304,https://avd.aquasec.com/nvd/cve-2020-14304,MEDIUM,linux-libc-dev,6.12.48-1,
CVE-2020-36694,https://avd.aquasec.com/nvd/cve-2020-36694,MEDIUM,linux-libc-dev,6.12.48-1,
CVE-2021-47658,https://avd.aquasec.com/nvd/cve-2021-47658,MEDIUM,linux-libc-dev,6.12.48-1,
CVE-2023-31082,https://avd.aquasec.com/nvd/cve-2023-31082,MEDIUM,linux-libc-dev,6.12.48-1,
CVE-2023-3397,https://avd.aquasec.com/nvd/cve-2023-3397,MEDIUM,linux-libc-dev,6.12.48-1,
CVE-2023-37454,https://avd.aquasec.com/nvd/cve-2023-37454,MEDIUM,linux-libc-dev,6.12.48-1,
CVE-2023-4010,https://avd.aquasec.com/nvd/cve-2023-4010,MEDIUM,linux-libc-dev,6.12.48-1,
CVE-2023-6238,https://avd.aquasec.com/nvd/cve-2023-6238,MEDIUM,linux-libc-dev,6.12.48-1,
CVE-2023-6240,https://avd.aquasec.com/nvd/cve-2023-6240,MEDIUM,linux-libc-dev,6.12.48-1,
CVE-2024-2193,https://avd.aquasec.com/nvd/cve-2024-2193,MEDIUM,linux-libc-dev,6.12.48-1,
CVE-2024-24864,https://avd.aquasec.com/nvd/cve-2024-24864,MEDIUM,linux-libc-dev,6.12.48-1,
CVE-2024-25740,https://avd.aquasec.com/nvd/cve-2024-25740,MEDIUM,linux-libc-dev,6.12.48-1,
CVE-2024-52560,https://avd.aquasec.com/nvd/cve-2024-52560,MEDIUM,linux-libc-dev,6.12.48-1,
CVE-2024-56709,https://avd.aquasec.com/nvd/cve-2024-56709,MEDIUM,linux-libc-dev,6.12.48-1,
CVE-2024-58022,https://avd.aquasec.com/nvd/cve-2024-58022,MEDIUM,linux-libc-dev,6.12.48-1,
CVE-2024-58074,https://avd.aquasec.com/nvd/cve-2024-58074,MEDIUM,linux-libc-dev,6.12.48-1,
CVE-2024-58094,https://avd.aquasec.com/nvd/cve-2024-58094,MEDIUM,linux-libc-dev,6.12.48-1,
CVE-2024-58095,https://avd.aquasec.com/nvd/cve-2024-58095,MEDIUM,linux-libc-dev,6.12.48-1,
CVE-2024-58096,https://avd.aquasec.com/nvd/cve-2024-58096,MEDIUM,linux-libc-dev,6.12.48-1,
CVE-2024-58097,https://avd.aquasec.com/nvd/cve-2024-58097,MEDIUM,linux-libc-dev,6.12.48-1,
CVE-2025-21709,https://avd.aquasec.com/nvd/cve-2025-21709,MEDIUM,linux-libc-dev,6.12.48-1,
CVE-2025-21752,https://avd.aquasec.com/nvd/cve-2025-21752,MEDIUM,linux-libc-dev,6.12.48-1,
CVE-2025-21807,https://avd.aquasec.com/nvd/cve-2025-21807,MEDIUM,linux-libc-dev,6.12.48-1,
CVE-2025-21833,https://avd.aquasec.com/nvd/cve-2025-21833,MEDIUM,linux-libc-dev,6.12.48-1,6.12.57-1
CVE-2025-21949,https://avd.aquasec.com/nvd/cve-2025-21949,MEDIUM,linux-libc-dev,6.12.48-1,
CVE-2025-22031,https://avd.aquasec.com/nvd/cve-2025-22031,MEDIUM,linux-libc-dev,6.12.48-1,
CVE-2025-22051,https://avd.aquasec.com/nvd/cve-2025-22051,MEDIUM,linux-libc-dev,6.12.48-1,
CVE-2025-22052,https://avd.aquasec.com/nvd/cve-2025-22052,MEDIUM,linux-libc-dev,6.12.48-1,
CVE-2025-22061,https://avd.aquasec.com/nvd/cve-2025-22061,MEDIUM,linux-libc-dev,6.12.48-1,
CVE-2025-22069,https://avd.aquasec.com/nvd/cve-2025-22069,MEDIUM,linux-libc-dev,6.12.48-1,
CVE-2025-22092,https://avd.aquasec.com/nvd/cve-2025-22092,MEDIUM,linux-libc-dev,6.12.48-1,
CVE-2025-22094,https://avd.aquasec.com/nvd/cve-2025-22094,MEDIUM,linux-libc-dev,6.12.48-1,
CVE-2025-22096,https://avd.aquasec.com/nvd/cve-2025-22096,MEDIUM,linux-libc-dev,6.12.48-1,
CVE-2025-22098,https://avd.aquasec.com/nvd/cve-2025-22098,MEDIUM,linux-libc-dev,6.12.48-1,
CVE-2025-22099,https://avd.aquasec.com/nvd/cve-2025-22099,MEDIUM,linux-libc-dev,6.12.48-1,
CVE-2025-22100,https://avd.aquasec.com/nvd/cve-2025-22100,MEDIUM,linux-libc-dev,6.12.48-1,
CVE-2025-22105,https://avd.aquasec.com/nvd/cve-2025-22105,MEDIUM,linux-libc-dev,6.12.48-1,6.12.57-1
CVE-2025-22106,https://avd.aquasec.com/nvd/cve-2025-22106,MEDIUM,linux-libc-dev,6.12.48-1,6.12.57-1
CVE-2025-22108,https://avd.aquasec.com/nvd/cve-2025-22108,MEDIUM,linux-libc-dev,6.12.48-1,
CVE-2025-22109,https://avd.aquasec.com/nvd/cve-2025-22109,MEDIUM,linux-libc-dev,6.12.48-1,
CVE-2025-22110,https://avd.aquasec.com/nvd/cve-2025-22110,MEDIUM,linux-libc-dev,6.12.48-1,
CVE-2025-22111,https://avd.aquasec.com/nvd/cve-2025-22111,MEDIUM,linux-libc-dev,6.12.48-1,
CVE-2025-22114,https://avd.aquasec.com/nvd/cve-2025-22114,MEDIUM,linux-libc-dev,6.12.48-1,
CVE-2025-22116,https://avd.aquasec.com/nvd/cve-2025-22116,MEDIUM,linux-libc-dev,6.12.48-1,
CVE-2025-22117,https://avd.aquasec.com/nvd/cve-2025-22117,MEDIUM,linux-libc-dev,6.12.48-1,
CVE-2025-22127,https://avd.aquasec.com/nvd/cve-2025-22127,MEDIUM,linux-libc-dev,6.12.48-1,
CVE-2025-23129,https://avd.aquasec.com/nvd/cve-2025-23129,MEDIUM,linux-libc-dev,6.12.48-1,
CVE-2025-23130,https://avd.aquasec.com/nvd/cve-2025-23130,MEDIUM,linux-libc-dev,6.12.48-1,6.12.57-1
CVE-2025-23131,https://avd.aquasec.com/nvd/cve-2025-23131,MEDIUM,linux-libc-dev,6.12.48-1,
CVE-2025-23132,https://avd.aquasec.com/nvd/cve-2025-23132,MEDIUM,linux-libc-dev,6.12.48-1,
CVE-2025-23135,https://avd.aquasec.com/nvd/cve-2025-23135,MEDIUM,linux-libc-dev,6.12.48-1,
CVE-2025-37743,https://avd.aquasec.com/nvd/cve-2025-37743,MEDIUM,linux-libc-dev,6.12.48-1,
CVE-2025-37746,https://avd.aquasec.com/nvd/cve-2025-37746,MEDIUM,linux-libc-dev,6.12.48-1,
CVE-2025-37860,https://avd.aquasec.com/nvd/cve-2025-37860,MEDIUM,linux-libc-dev,6.12.48-1,6.12.57-1
CVE-2025-37880,https://avd.aquasec.com/nvd/cve-2025-37880,MEDIUM,linux-libc-dev,6.12.48-1,
CVE-2025-37906,https://avd.aquasec.com/nvd/cve-2025-37906,MEDIUM,linux-libc-dev,6.12.48-1,
CVE-2025-37966,https://avd.aquasec.com/nvd/cve-2025-37966,MEDIUM,linux-libc-dev,6.12.48-1,
CVE-2025-38029,https://avd.aquasec.com/nvd/cve-2025-38029,MEDIUM,linux-libc-dev,6.12.48-1,
CVE-2025-38036,https://avd.aquasec.com/nvd/cve-2025-38036,MEDIUM,linux-libc-dev,6.12.48-1,
CVE-2025-38041,https://avd.aquasec.com/nvd/cve-2025-38041,MEDIUM,linux-libc-dev,6.12.48-1,
CVE-2025-38042,https://avd.aquasec.com/nvd/cve-2025-38042,MEDIUM,linux-libc-dev,6.12.48-1,
CVE-2025-38064,https://avd.aquasec.com/nvd/cve-2025-38064,MEDIUM,linux-libc-dev,6.12.48-1,
CVE-2025-38132,https://avd.aquasec.com/nvd/cve-2025-38132,MEDIUM,linux-libc-dev,6.12.48-1,
CVE-2025-38199,https://avd.aquasec.com/nvd/cve-2025-38199,MEDIUM,linux-libc-dev,6.12.48-1,
CVE-2025-38205,https://avd.aquasec.com/nvd/cve-2025-38205,MEDIUM,linux-libc-dev,6.12.48-1,
CVE-2025-38207,https://avd.aquasec.com/nvd/cve-2025-38207,MEDIUM,linux-libc-dev,6.12.48-1,
CVE-2025-38234,https://avd.aquasec.com/nvd/cve-2025-38234,MEDIUM,linux-libc-dev,6.12.48-1,
CVE-2025-38237,https://avd.aquasec.com/nvd/cve-2025-38237,MEDIUM,linux-libc-dev,6.12.48-1,
CVE-2025-38261,https://avd.aquasec.com/nvd/cve-2025-38261,MEDIUM,linux-libc-dev,6.12.48-1,
CVE-2025-38284,https://avd.aquasec.com/nvd/cve-2025-38284,MEDIUM,linux-libc-dev,6.12.48-1,
CVE-2025-38311,https://avd.aquasec.com/nvd/cve-2025-38311,MEDIUM,linux-libc-dev,6.12.48-1,
CVE-2025-38359,https://avd.aquasec.com/nvd/cve-2025-38359,MEDIUM,linux-libc-dev,6.12.48-1,
CVE-2025-38426,https://avd.aquasec.com/nvd/cve-2025-38426,MEDIUM,linux-libc-dev,6.12.48-1,
CVE-2025-38584,https://avd.aquasec.com/nvd/cve-2025-38584,MEDIUM,linux-libc-dev,6.12.48-1,
CVE-2025-38591,https://avd.aquasec.com/nvd/cve-2025-38591,MEDIUM,linux-libc-dev,6.12.48-1,
CVE-2025-38597,https://avd.aquasec.com/nvd/cve-2025-38597,MEDIUM,linux-libc-dev,6.12.48-1,
CVE-2025-38605,https://avd.aquasec.com/nvd/cve-2025-38605,MEDIUM,linux-libc-dev,6.12.48-1,
CVE-2025-38621,https://avd.aquasec.com/nvd/cve-2025-38621,MEDIUM,linux-libc-dev,6.12.48-1,
CVE-2025-38627,https://avd.aquasec.com/nvd/cve-2025-38627,MEDIUM,linux-libc-dev,6.12.48-1,
CVE-2025-38636,https://avd.aquasec.com/nvd/cve-2025-38636,MEDIUM,linux-libc-dev,6.12.48-1,
CVE-2025-38643,https://avd.aquasec.com/nvd/cve-2025-38643,MEDIUM,linux-libc-dev,6.12.48-1,6.12.57-1
CVE-2025-38678,https://avd.aquasec.com/nvd/cve-2025-38678,MEDIUM,linux-libc-dev,6.12.48-1,
CVE-2025-39678,https://avd.aquasec.com/nvd/cve-2025-39678,MEDIUM,linux-libc-dev,6.12.48-1,6.12.57-1
CVE-2025-39745,https://avd.aquasec.com/nvd/cve-2025-39745,MEDIUM,linux-libc-dev,6.12.48-1,
CVE-2025-39762,https://avd.aquasec.com/nvd/cve-2025-39762,MEDIUM,linux-libc-dev,6.12.48-1,
CVE-2025-39764,https://avd.aquasec.com/nvd/cve-2025-39764,MEDIUM,linux-libc-dev,6.12.48-1,
CVE-2025-39775,https://avd.aquasec.com/nvd/cve-2025-39775,MEDIUM,linux-libc-dev,6.12.48-1,
CVE-2025-39789,https://avd.aquasec.com/nvd/cve-2025-39789,MEDIUM,linux-libc-dev,6.12.48-1,
CVE-2025-39816,https://avd.aquasec.com/nvd/cve-2025-39816,MEDIUM,linux-libc-dev,6.12.48-1,6.12.57-1
CVE-2025-39822,https://avd.aquasec.com/nvd/cve-2025-39822,MEDIUM,linux-libc-dev,6.12.48-1,
CVE-2025-39830,https://avd.aquasec.com/nvd/cve-2025-39830,MEDIUM,linux-libc-dev,6.12.48-1,
CVE-2025-39833,https://avd.aquasec.com/nvd/cve-2025-39833,MEDIUM,linux-libc-dev,6.12.48-1,
CVE-2025-39834,https://avd.aquasec.com/nvd/cve-2025-39834,MEDIUM,linux-libc-dev,6.12.48-1,
CVE-2025-39859,https://avd.aquasec.com/nvd/cve-2025-39859,MEDIUM,linux-libc-dev,6.12.48-1,
CVE-2025-39862,https://avd.aquasec.com/nvd/cve-2025-39862,MEDIUM,linux-libc-dev,6.12.48-1,
CVE-2025-39925,https://avd.aquasec.com/nvd/cve-2025-39925,MEDIUM,linux-libc-dev,6.12.48-1,
CVE-2025-39929,https://avd.aquasec.com/nvd/cve-2025-39929,MEDIUM,linux-libc-dev,6.12.48-1,6.12.57-1
CVE-2025-39934,https://avd.aquasec.com/nvd/cve-2025-39934,MEDIUM,linux-libc-dev,6.12.48-1,6.12.57-1
CVE-2025-39937,https://avd.aquasec.com/nvd/cve-2025-39937,MEDIUM,linux-libc-dev,6.12.48-1,6.12.57-1
CVE-2025-39938,https://avd.aquasec.com/nvd/cve-2025-39938,MEDIUM,linux-libc-dev,6.12.48-1,6.12.57-1
CVE-2025-39940,https://avd.aquasec.com/nvd/cve-2025-39940,MEDIUM,linux-libc-dev,6.12.48-1,6.12.57-1
CVE-2025-39942,https://avd.aquasec.com/nvd/cve-2025-39942,MEDIUM,linux-libc-dev,6.12.48-1,6.12.57-1
CVE-2025-39943,https://avd.aquasec.com/nvd/cve-2025-39943,MEDIUM,linux-libc-dev,6.12.48-1,6.12.57-1
CVE-2025-39944,https://avd.aquasec.com/nvd/cve-2025-39944,MEDIUM,linux-libc-dev,6.12.48-1,6.12.57-1
CVE-2025-39945,https://avd.aquasec.com/nvd/cve-2025-39945,MEDIUM,linux-libc-dev,6.12.48-1,6.12.57-1
CVE-2025-39946,https://avd.aquasec.com/nvd/cve-2025-39946,MEDIUM,linux-libc-dev,6.12.48-1,6.12.57-1
CVE-2025-39947,https://avd.aquasec.com/nvd/cve-2025-39947,MEDIUM,linux-libc-dev,6.12.48-1,6.12.57-1
CVE-2025-39948,https://avd.aquasec.com/nvd/cve-2025-39948,MEDIUM,linux-libc-dev,6.12.48-1,6.12.57-1
CVE-2025-39950,https://avd.aquasec.com/nvd/cve-2025-39950,MEDIUM,linux-libc-dev,6.12.48-1,6.12.57-1
CVE-2025-39951,https://avd.aquasec.com/nvd/cve-2025-39951,MEDIUM,linux-libc-dev,6.12.48-1,6.12.57-1
CVE-2025-39952,https://avd.aquasec.com/nvd/cve-2025-39952,MEDIUM,linux-libc-dev,6.12.48-1,6.12.57-1
CVE-2025-39953,https://avd.aquasec.com/nvd/cve-2025-39953,MEDIUM,linux-libc-dev,6.12.48-1,6.12.57-1
CVE-2025-39956,https://avd.aquasec.com/nvd/cve-2025-39956,MEDIUM,linux-libc-dev,6.12.48-1,6.12.57-1
CVE-2025-39957,https://avd.aquasec.com/nvd/cve-2025-39957,MEDIUM,linux-libc-dev,6.12.48-1,6.12.57-1
CVE-2025-39958,https://avd.aquasec.com/nvd/cve-2025-39958,MEDIUM,linux-libc-dev,6.12.48-1,
CVE-2025-39961,https://avd.aquasec.com/nvd/cve-2025-39961,MEDIUM,linux-libc-dev,6.12.48-1,6.12.57-1
CVE-2025-39963,https://avd.aquasec.com/nvd/cve-2025-39963,MEDIUM,linux-libc-dev,6.12.48-1,6.12.57-1
CVE-2025-39964,https://avd.aquasec.com/nvd/cve-2025-39964,MEDIUM,linux-libc-dev,6.12.48-1,6.12.57-1
CVE-2025-39965,https://avd.aquasec.com/nvd/cve-2025-39965,MEDIUM,linux-libc-dev,6.12.48-1,6.12.57-1
CVE-2025-39967,https://avd.aquasec.com/nvd/cve-2025-39967,MEDIUM,linux-libc-dev,6.12.48-1,6.12.57-1
CVE-2025-39969,https://avd.aquasec.com/nvd/cve-2025-39969,MEDIUM,linux-libc-dev,6.12.48-1,6.12.57-1
CVE-2025-39972,https://avd.aquasec.com/nvd/cve-2025-39972,MEDIUM,linux-libc-dev,6.12.48-1,6.12.57-1
CVE-2025-39975,https://avd.aquasec.com/nvd/cve-2025-39975,MEDIUM,linux-libc-dev,6.12.48-1,6.12.57-1
CVE-2025-39977,https://avd.aquasec.com/nvd/cve-2025-39977,MEDIUM,linux-libc-dev,6.12.48-1,6.12.57-1
CVE-2025-39978,https://avd.aquasec.com/nvd/cve-2025-39978,MEDIUM,linux-libc-dev,6.12.48-1,6.12.57-1
CVE-2025-39985,https://avd.aquasec.com/nvd/cve-2025-39985,MEDIUM,linux-libc-dev,6.12.48-1,6.12.57-1
CVE-2025-39986,https://avd.aquasec.com/nvd/cve-2025-39986,MEDIUM,linux-libc-dev,6.12.48-1,6.12.57-1
CVE-2025-39987,https://avd.aquasec.com/nvd/cve-2025-39987,MEDIUM,linux-libc-dev,6.12.48-1,6.12.57-1
CVE-2025-39988,https://avd.aquasec.com/nvd/cve-2025-39988,MEDIUM,linux-libc-dev,6.12.48-1,6.12.57-1
CVE-2025-39990,https://avd.aquasec.com/nvd/cve-2025-39990,MEDIUM,linux-libc-dev,6.12.48-1,6.12.57-1
CVE-2025-39991,https://avd.aquasec.com/nvd/cve-2025-39991,MEDIUM,linux-libc-dev,6.12.48-1,6.12.57-1
CVE-2025-39995,https://avd.aquasec.com/nvd/cve-2025-39995,MEDIUM,linux-libc-dev,6.12.48-1,6.12.57-1
CVE-2025-39996,https://avd.aquasec.com/nvd/cve-2025-39996,MEDIUM,linux-libc-dev,6.12.48-1,6.12.57-1
CVE-2025-39997,https://avd.aquasec.com/nvd/cve-2025-39997,MEDIUM,linux-libc-dev,6.12.48-1,6.12.57-1
CVE-2025-40000,https://avd.aquasec.com/nvd/cve-2025-40000,MEDIUM,linux-libc-dev,6.12.48-1,6.12.57-1
CVE-2025-40001,https://avd.aquasec.com/nvd/cve-2025-40001,MEDIUM,linux-libc-dev,6.12.48-1,6.12.57-1
CVE-2025-40003,https://avd.aquasec.com/nvd/cve-2025-40003,MEDIUM,linux-libc-dev,6.12.48-1,6.12.57-1
CVE-2025-40004,https://avd.aquasec.com/nvd/cve-2025-40004,MEDIUM,linux-libc-dev,6.12.48-1,6.12.57-1
CVE-2025-40006,https://avd.aquasec.com/nvd/cve-2025-40006,MEDIUM,linux-libc-dev,6.12.48-1,6.12.57-1
CVE-2025-40008,https://avd.aquasec.com/nvd/cve-2025-40008,MEDIUM,linux-libc-dev,6.12.48-1,6.12.57-1
CVE-2025-40009,https://avd.aquasec.com/nvd/cve-2025-40009,MEDIUM,linux-libc-dev,6.12.48-1,6.12.57-1
CVE-2025-40010,https://avd.aquasec.com/nvd/cve-2025-40010,MEDIUM,linux-libc-dev,6.12.48-1,6.12.57-1
CVE-2025-40011,https://avd.aquasec.com/nvd/cve-2025-40011,MEDIUM,linux-libc-dev,6.12.48-1,6.12.57-1
CVE-2025-40012,https://avd.aquasec.com/nvd/cve-2025-40012,MEDIUM,linux-libc-dev,6.12.48-1,6.12.57-1
CVE-2025-40013,https://avd.aquasec.com/nvd/cve-2025-40013,MEDIUM,linux-libc-dev,6.12.48-1,6.12.57-1
CVE-2025-40018,https://avd.aquasec.com/nvd/cve-2025-40018,MEDIUM,linux-libc-dev,6.12.48-1,6.12.57-1
CVE-2025-40019,https://avd.aquasec.com/nvd/cve-2025-40019,MEDIUM,linux-libc-dev,6.12.48-1,6.12.57-1
CVE-2025-40020,https://avd.aquasec.com/nvd/cve-2025-40020,MEDIUM,linux-libc-dev,6.12.48-1,6.12.57-1
CVE-2025-40021,https://avd.aquasec.com/nvd/cve-2025-40021,MEDIUM,linux-libc-dev,6.12.48-1,6.12.57-1
CVE-2025-40022,https://avd.aquasec.com/nvd/cve-2025-40022,MEDIUM,linux-libc-dev,6.12.48-1,6.12.57-1
CVE-2025-40024,https://avd.aquasec.com/nvd/cve-2025-40024,MEDIUM,linux-libc-dev,6.12.48-1,6.12.57-1
CVE-2025-40025,https://avd.aquasec.com/nvd/cve-2025-40025,MEDIUM,linux-libc-dev,6.12.48-1,
CVE-2025-40026,https://avd.aquasec.com/nvd/cve-2025-40026,MEDIUM,linux-libc-dev,6.12.48-1,6.12.57-1
CVE-2025-40027,https://avd.aquasec.com/nvd/cve-2025-40027,MEDIUM,linux-libc-dev,6.12.48-1,6.12.57-1
CVE-2025-40028,https://avd.aquasec.com/nvd/cve-2025-40028,MEDIUM,linux-libc-dev,6.12.48-1,6.12.57-1
CVE-2025-40029,https://avd.aquasec.com/nvd/cve-2025-40029,MEDIUM,linux-libc-dev,6.12.48-1,6.12.57-1
CVE-2025-40030,https://avd.aquasec.com/nvd/cve-2025-40030,MEDIUM,linux-libc-dev,6.12.48-1,6.12.57-1
CVE-2025-40031,https://avd.aquasec.com/nvd/cve-2025-40031,MEDIUM,linux-libc-dev,6.12.48-1,6.12.57-1
CVE-2025-40032,https://avd.aquasec.com/nvd/cve-2025-40032,MEDIUM,linux-libc-dev,6.12.48-1,6.12.57-1
CVE-2025-40033,https://avd.aquasec.com/nvd/cve-2025-40033,MEDIUM,linux-libc-dev,6.12.48-1,6.12.57-1
CVE-2025-40035,https://avd.aquasec.com/nvd/cve-2025-40035,MEDIUM,linux-libc-dev,6.12.48-1,6.12.57-1
CVE-2025-40036,https://avd.aquasec.com/nvd/cve-2025-40036,MEDIUM,linux-libc-dev,6.12.48-1,6.12.57-1
CVE-2025-40037,https://avd.aquasec.com/nvd/cve-2025-40037,MEDIUM,linux-libc-dev,6.12.48-1,6.12.57-1
CVE-2025-40038,https://avd.aquasec.com/nvd/cve-2025-40038,MEDIUM,linux-libc-dev,6.12.48-1,6.12.57-1
CVE-2025-40039,https://avd.aquasec.com/nvd/cve-2025-40039,MEDIUM,linux-libc-dev,6.12.48-1,6.12.57-1
CVE-2025-40042,https://avd.aquasec.com/nvd/cve-2025-40042,MEDIUM,linux-libc-dev,6.12.48-1,6.12.57-1
CVE-2025-40043,https://avd.aquasec.com/nvd/cve-2025-40043,MEDIUM,linux-libc-dev,6.12.48-1,6.12.57-1
CVE-2025-40044,https://avd.aquasec.com/nvd/cve-2025-40044,MEDIUM,linux-libc-dev,6.12.48-1,6.12.57-1
CVE-2025-40045,https://avd.aquasec.com/nvd/cve-2025-40045,MEDIUM,linux-libc-dev,6.12.48-1,6.12.57-1
CVE-2025-40048,https://avd.aquasec.com/nvd/cve-2025-40048,MEDIUM,linux-libc-dev,6.12.48-1,6.12.57-1
CVE-2025-40049,https://avd.aquasec.com/nvd/cve-2025-40049,MEDIUM,linux-libc-dev,6.12.48-1,6.12.57-1
CVE-2025-40051,https://avd.aquasec.com/nvd/cve-2025-40051,MEDIUM,linux-libc-dev,6.12.48-1,6.12.57-1
CVE-2025-40052,https://avd.aquasec.com/nvd/cve-2025-40052,MEDIUM,linux-libc-dev,6.12.48-1,6.12.57-1
CVE-2025-40053,https://avd.aquasec.com/nvd/cve-2025-40053,MEDIUM,linux-libc-dev,6.12.48-1,6.12.57-1
CVE-2025-40054,https://avd.aquasec.com/nvd/cve-2025-40054,MEDIUM,linux-libc-dev,6.12.48-1,
CVE-2025-40055,https://avd.aquasec.com/nvd/cve-2025-40055,MEDIUM,linux-libc-dev,6.12.48-1,6.12.57-1
CVE-2025-40056,https://avd.aquasec.com/nvd/cve-2025-40056,MEDIUM,linux-libc-dev,6.12.48-1,6.12.57-1
CVE-2025-40057,https://avd.aquasec.com/nvd/cve-2025-40057,MEDIUM,linux-libc-dev,6.12.48-1,6.12.57-1
CVE-2025-40058,https://avd.aquasec.com/nvd/cve-2025-40058,MEDIUM,linux-libc-dev,6.12.48-1,6.12.57-1
CVE-2025-40059,https://avd.aquasec.com/nvd/cve-2025-40059,MEDIUM,linux-libc-dev,6.12.48-1,6.12.57-1
CVE-2025-40060,https://avd.aquasec.com/nvd/cve-2025-40060,MEDIUM,linux-libc-dev,6.12.48-1,6.12.57-1
CVE-2025-40061,https://avd.aquasec.com/nvd/cve-2025-40061,MEDIUM,linux-libc-dev,6.12.48-1,6.12.57-1
CVE-2025-40062,https://avd.aquasec.com/nvd/cve-2025-40062,MEDIUM,linux-libc-dev,6.12.48-1,6.12.57-1
CVE-2025-40065,https://avd.aquasec.com/nvd/cve-2025-40065,MEDIUM,linux-libc-dev,6.12.48-1,
CVE-2025-40067,https://avd.aquasec.com/nvd/cve-2025-40067,MEDIUM,linux-libc-dev,6.12.48-1,6.12.57-1
CVE-2025-40068,https://avd.aquasec.com/nvd/cve-2025-40068,MEDIUM,linux-libc-dev,6.12.48-1,6.12.57-1
CVE-2025-40070,https://avd.aquasec.com/nvd/cve-2025-40070,MEDIUM,linux-libc-dev,6.12.48-1,6.12.57-1
CVE-2025-40071,https://avd.aquasec.com/nvd/cve-2025-40071,MEDIUM,linux-libc-dev,6.12.48-1,6.12.57-1
CVE-2025-40074,https://avd.aquasec.com/nvd/cve-2025-40074,MEDIUM,linux-libc-dev,6.12.48-1,
CVE-2025-40075,https://avd.aquasec.com/nvd/cve-2025-40075,MEDIUM,linux-libc-dev,6.12.48-1,
CVE-2025-40077,https://avd.aquasec.com/nvd/cve-2025-40077,MEDIUM,linux-libc-dev,6.12.48-1,
CVE-2025-40078,https://avd.aquasec.com/nvd/cve-2025-40078,MEDIUM,linux-libc-dev,6.12.48-1,6.12.57-1
CVE-2025-40079,https://avd.aquasec.com/nvd/cve-2025-40079,MEDIUM,linux-libc-dev,6.12.48-1,6.12.57-1
CVE-2025-40080,https://avd.aquasec.com/nvd/cve-2025-40080,MEDIUM,linux-libc-dev,6.12.48-1,6.12.57-1
CVE-2025-40081,https://avd.aquasec.com/nvd/cve-2025-40081,MEDIUM,linux-libc-dev,6.12.48-1,6.12.57-1
CVE-2025-40083,https://avd.aquasec.com/nvd/cve-2025-40083,MEDIUM,linux-libc-dev,6.12.48-1,6.12.57-1
CVE-2025-40084,https://avd.aquasec.com/nvd/cve-2025-40084,MEDIUM,linux-libc-dev,6.12.48-1,6.12.57-1
CVE-2025-40085,https://avd.aquasec.com/nvd/cve-2025-40085,MEDIUM,linux-libc-dev,6.12.48-1,6.12.57-1
CVE-2025-40086,https://avd.aquasec.com/nvd/cve-2025-40086,MEDIUM,linux-libc-dev,6.12.48-1,
CVE-2025-40087,https://avd.aquasec.com/nvd/cve-2025-40087,MEDIUM,linux-libc-dev,6.12.48-1,6.12.57-1
CVE-2025-40088,https://avd.aquasec.com/nvd/cve-2025-40088,MEDIUM,linux-libc-dev,6.12.48-1,6.12.57-1
CVE-2025-40092,https://avd.aquasec.com/nvd/cve-2025-40092,MEDIUM,linux-libc-dev,6.12.48-1,6.12.57-1
CVE-2025-40093,https://avd.aquasec.com/nvd/cve-2025-40093,MEDIUM,linux-libc-dev,6.12.48-1,6.12.57-1
CVE-2025-40094,https://avd.aquasec.com/nvd/cve-2025-40094,MEDIUM,linux-libc-dev,6.12.48-1,6.12.57-1
CVE-2025-40095,https://avd.aquasec.com/nvd/cve-2025-40095,MEDIUM,linux-libc-dev,6.12.48-1,6.12.57-1
CVE-2025-40097,https://avd.aquasec.com/nvd/cve-2025-40097,MEDIUM,linux-libc-dev,6.12.48-1,
CVE-2025-40098,https://avd.aquasec.com/nvd/cve-2025-40098,MEDIUM,linux-libc-dev,6.12.48-1,
CVE-2025-40099,https://avd.aquasec.com/nvd/cve-2025-40099,MEDIUM,linux-libc-dev,6.12.48-1,6.12.57-1
CVE-2025-40100,https://avd.aquasec.com/nvd/cve-2025-40100,MEDIUM,linux-libc-dev,6.12.48-1,6.12.57-1
CVE-2025-40101,https://avd.aquasec.com/nvd/cve-2025-40101,MEDIUM,linux-libc-dev,6.12.48-1,6.12.57-1
CVE-2025-40102,https://avd.aquasec.com/nvd/cve-2025-40102,MEDIUM,linux-libc-dev,6.12.48-1,
CVE-2025-40103,https://avd.aquasec.com/nvd/cve-2025-40103,MEDIUM,linux-libc-dev,6.12.48-1,6.12.57-1
CVE-2025-40104,https://avd.aquasec.com/nvd/cve-2025-40104,MEDIUM,linux-libc-dev,6.12.48-1,6.12.57-1
CVE-2025-40105,https://avd.aquasec.com/nvd/cve-2025-40105,MEDIUM,linux-libc-dev,6.12.48-1,6.12.57-1
CVE-2025-40106,https://avd.aquasec.com/nvd/cve-2025-40106,MEDIUM,linux-libc-dev,6.12.48-1,6.12.57-1
CVE-2025-40107,https://avd.aquasec.com/nvd/cve-2025-40107,MEDIUM,linux-libc-dev,6.12.48-1,6.12.57-1
CVE-2025-40109,https://avd.aquasec.com/nvd/cve-2025-40109,MEDIUM,linux-libc-dev,6.12.48-1,6.12.57-1
CVE-2025-40110,https://avd.aquasec.com/nvd/cve-2025-40110,MEDIUM,linux-libc-dev,6.12.48-1,6.12.57-1
CVE-2025-40112,https://avd.aquasec.com/nvd/cve-2025-40112,MEDIUM,linux-libc-dev,6.12.48-1,6.12.57-1
CVE-2025-40115,https://avd.aquasec.com/nvd/cve-2025-40115,MEDIUM,linux-libc-dev,6.12.48-1,6.12.57-1
CVE-2025-40116,https://avd.aquasec.com/nvd/cve-2025-40116,MEDIUM,linux-libc-dev,6.12.48-1,6.12.57-1
CVE-2025-40118,https://avd.aquasec.com/nvd/cve-2025-40118,MEDIUM,linux-libc-dev,6.12.48-1,6.12.57-1
CVE-2025-40120,https://avd.aquasec.com/nvd/cve-2025-40120,MEDIUM,linux-libc-dev,6.12.48-1,6.12.57-1
CVE-2025-40123,https://avd.aquasec.com/nvd/cve-2025-40123,MEDIUM,linux-libc-dev,6.12.48-1,6.12.57-1
CVE-2025-40124,https://avd.aquasec.com/nvd/cve-2025-40124,MEDIUM,linux-libc-dev,6.12.48-1,6.12.57-1
CVE-2025-40125,https://avd.aquasec.com/nvd/cve-2025-40125,MEDIUM,linux-libc-dev,6.12.48-1,6.12.57-1
CVE-2025-40126,https://avd.aquasec.com/nvd/cve-2025-40126,MEDIUM,linux-libc-dev,6.12.48-1,6.12.57-1
CVE-2025-40127,https://avd.aquasec.com/nvd/cve-2025-40127,MEDIUM,linux-libc-dev,6.12.48-1,6.12.57-1
CVE-2025-40129,https://avd.aquasec.com/nvd/cve-2025-40129,MEDIUM,linux-libc-dev,6.12.48-1,6.12.57-1
CVE-2025-40130,https://avd.aquasec.com/nvd/cve-2025-40130,MEDIUM,linux-libc-dev,6.12.48-1,
CVE-2025-40134,https://avd.aquasec.com/nvd/cve-2025-40134,MEDIUM,linux-libc-dev,6.12.48-1,6.12.57-1
CVE-2025-40135,https://avd.aquasec.com/nvd/cve-2025-40135,MEDIUM,linux-libc-dev,6.12.48-1,
CVE-2025-40136,https://avd.aquasec.com/nvd/cve-2025-40136,MEDIUM,linux-libc-dev,6.12.48-1,
CVE-2025-40137,https://avd.aquasec.com/nvd/cve-2025-40137,MEDIUM,linux-libc-dev,6.12.48-1,6.12.57-1
CVE-2025-40139,https://avd.aquasec.com/nvd/cve-2025-40139,MEDIUM,linux-libc-dev,6.12.48-1,
CVE-2025-40140,https://avd.aquasec.com/nvd/cve-2025-40140,MEDIUM,linux-libc-dev,6.12.48-1,6.12.57-1
CVE-2025-40142,https://avd.aquasec.com/nvd/cve-2025-40142,MEDIUM,linux-libc-dev,6.12.48-1,6.12.57-1
CVE-2025-40144,https://avd.aquasec.com/nvd/cve-2025-40144,MEDIUM,linux-libc-dev,6.12.48-1,6.12.57-1
CVE-2025-40146,https://avd.aquasec.com/nvd/cve-2025-40146,MEDIUM,linux-libc-dev,6.12.48-1,
CVE-2025-40147,https://avd.aquasec.com/nvd/cve-2025-40147,MEDIUM,linux-libc-dev,6.12.48-1,
CVE-2025-40150,https://avd.aquasec.com/nvd/cve-2025-40150,MEDIUM,linux-libc-dev,6.12.48-1,
CVE-2025-40156,https://avd.aquasec.com/nvd/cve-2025-40156,MEDIUM,linux-libc-dev,6.12.48-1,6.12.57-1
CVE-2025-40157,https://avd.aquasec.com/nvd/cve-2025-40157,MEDIUM,linux-libc-dev,6.12.48-1,6.12.57-1
CVE-2025-40159,https://avd.aquasec.com/nvd/cve-2025-40159,MEDIUM,linux-libc-dev,6.12.48-1,6.12.57-1
CVE-2025-40161,https://avd.aquasec.com/nvd/cve-2025-40161,MEDIUM,linux-libc-dev,6.12.48-1,6.12.57-1
CVE-2025-40162,https://avd.aquasec.com/nvd/cve-2025-40162,MEDIUM,linux-libc-dev,6.12.48-1,6.12.57-1
CVE-2025-40165,https://avd.aquasec.com/nvd/cve-2025-40165,MEDIUM,linux-libc-dev,6.12.48-1,6.12.57-1
CVE-2025-40169,https://avd.aquasec.com/nvd/cve-2025-40169,MEDIUM,linux-libc-dev,6.12.48-1,6.12.57-1
CVE-2025-40171,https://avd.aquasec.com/nvd/cve-2025-40171,MEDIUM,linux-libc-dev,6.12.48-1,6.12.57-1
CVE-2025-40172,https://avd.aquasec.com/nvd/cve-2025-40172,MEDIUM,linux-libc-dev,6.12.48-1,6.12.57-1
CVE-2025-40177,https://avd.aquasec.com/nvd/cve-2025-40177,MEDIUM,linux-libc-dev,6.12.48-1,6.12.57-1
CVE-2025-40178,https://avd.aquasec.com/nvd/cve-2025-40178,MEDIUM,linux-libc-dev,6.12.48-1,6.12.57-1
CVE-2025-40179,https://avd.aquasec.com/nvd/cve-2025-40179,MEDIUM,linux-libc-dev,6.12.48-1,6.12.57-1
CVE-2025-40180,https://avd.aquasec.com/nvd/cve-2025-40180,MEDIUM,linux-libc-dev,6.12.48-1,6.12.57-1
CVE-2025-40181,https://avd.aquasec.com/nvd/cve-2025-40181,MEDIUM,linux-libc-dev,6.12.48-1,6.12.57-1
CVE-2025-40183,https://avd.aquasec.com/nvd/cve-2025-40183,MEDIUM,linux-libc-dev,6.12.48-1,6.12.57-1
CVE-2025-40185,https://avd.aquasec.com/nvd/cve-2025-40185,MEDIUM,linux-libc-dev,6.12.48-1,6.12.57-1
CVE-2025-40187,https://avd.aquasec.com/nvd/cve-2025-40187,MEDIUM,linux-libc-dev,6.12.48-1,6.12.57-1
CVE-2025-40188,https://avd.aquasec.com/nvd/cve-2025-40188,MEDIUM,linux-libc-dev,6.12.48-1,6.12.57-1
CVE-2025-40190,https://avd.aquasec.com/nvd/cve-2025-40190,MEDIUM,linux-libc-dev,6.12.48-1,6.12.57-1
CVE-2025-40192,https://avd.aquasec.com/nvd/cve-2025-40192,MEDIUM,linux-libc-dev,6.12.48-1,6.12.57-1
CVE-2025-40193,https://avd.aquasec.com/nvd/cve-2025-40193,MEDIUM,linux-libc-dev,6.12.48-1,6.12.57-1
CVE-2025-40194,https://avd.aquasec.com/nvd/cve-2025-40194,MEDIUM,linux-libc-dev,6.12.48-1,6.12.57-1
CVE-2025-40195,https://avd.aquasec.com/nvd/cve-2025-40195,MEDIUM,linux-libc-dev,6.12.48-1,6.12.57-1
CVE-2025-40196,https://avd.aquasec.com/nvd/cve-2025-40196,MEDIUM,linux-libc-dev,6.12.48-1,6.12.57-1
CVE-2025-40197,https://avd.aquasec.com/nvd/cve-2025-40197,MEDIUM,linux-libc-dev,6.12.48-1,6.12.57-1
CVE-2025-40198,https://avd.aquasec.com/nvd/cve-2025-40198,MEDIUM,linux-libc-dev,6.12.48-1,6.12.57-1
CVE-2025-40200,https://avd.aquasec.com/nvd/cve-2025-40200,MEDIUM,linux-libc-dev,6.12.48-1,6.12.57-1
CVE-2025-40201,https://avd.aquasec.com/nvd/cve-2025-40201,MEDIUM,linux-libc-dev,6.12.48-1,6.12.57-1
CVE-2025-40202,https://avd.aquasec.com/nvd/cve-2025-40202,MEDIUM,linux-libc-dev,6.12.48-1,6.12.57-1
CVE-2025-40203,https://avd.aquasec.com/nvd/cve-2025-40203,MEDIUM,linux-libc-dev,6.12.48-1,6.12.57-1
CVE-2025-40204,https://avd.aquasec.com/nvd/cve-2025-40204,MEDIUM,linux-libc-dev,6.12.48-1,6.12.57-1
CVE-2025-40205,https://avd.aquasec.com/nvd/cve-2025-40205,MEDIUM,linux-libc-dev,6.12.48-1,6.12.57-1
CVE-2025-40206,https://avd.aquasec.com/nvd/cve-2025-40206,MEDIUM,linux-libc-dev,6.12.48-1,6.12.57-1
CVE-2025-40207,https://avd.aquasec.com/nvd/cve-2025-40207,MEDIUM,linux-libc-dev,6.12.48-1,6.12.57-1
CVE-2025-40325,https://avd.aquasec.com/nvd/cve-2025-40325,MEDIUM,linux-libc-dev,6.12.48-1,
CVE-2025-61984,https://avd.aquasec.com/nvd/cve-2025-61984,MEDIUM,openssh-client,1:10.0p1-7,
CVE-2025-61985,https://avd.aquasec.com/nvd/cve-2025-61985,MEDIUM,openssh-client,1:10.0p1-7,
CVE-2025-6069,https://avd.aquasec.com/nvd/cve-2025-6069,MEDIUM,python3.13,3.13.5-2,
CVE-2025-6075,https://avd.aquasec.com/nvd/cve-2025-6075,MEDIUM,python3.13,3.13.5-2,
CVE-2025-8291,https://avd.aquasec.com/nvd/cve-2025-8291,MEDIUM,python3.13,3.13.5-2,
CVE-2025-6069,https://avd.aquasec.com/nvd/cve-2025-6069,MEDIUM,python3.13-minimal,3.13.5-2,
CVE-2025-6075,https://avd.aquasec.com/nvd/cve-2025-6075,MEDIUM,python3.13-minimal,3.13.5-2,
CVE-2025-8291,https://avd.aquasec.com/nvd/cve-2025-8291,MEDIUM,python3.13-minimal,3.13.5-2,
CVE-2021-31879,https://avd.aquasec.com/nvd/cve-2021-31879,MEDIUM,wget,1.25.0-2,
CVE-2011-3374,https://avd.aquasec.com/nvd/cve-2011-3374,LOW,apt,3.0.3,
TEMP-0841856-B18BAF,https://security-tracker.debian.org/tracker/TEMP-0841856-B18BAF,LOW,bash,5.2.37-2+b5,
CVE-2017-13716,https://avd.aquasec.com/nvd/cve-2017-13716,LOW,binutils,2.44-3,
CVE-2018-20673,https://avd.aquasec.com/nvd/cve-2018-20673,LOW,binutils,2.44-3,
CVE-2018-20712,https://avd.aquasec.com/nvd/cve-2018-20712,LOW,binutils,2.44-3,
CVE-2018-9996,https://avd.aquasec.com/nvd/cve-2018-9996,LOW,binutils,2.44-3,
CVE-2021-32256,https://avd.aquasec.com/nvd/cve-2021-32256,LOW,binutils,2.44-3,
CVE-2025-11081,https://avd.aquasec.com/nvd/cve-2025-11081,LOW,binutils,2.44-3,
CVE-2025-11082,https://avd.aquasec.com/nvd/cve-2025-11082,LOW,binutils,2.44-3,
CVE-2025-11083,https://avd.aquasec.com/nvd/cve-2025-11083,LOW,binutils,2.44-3,
CVE-2025-11412,https://avd.aquasec.com/nvd/cve-2025-11412,LOW,binutils,2.44-3,
CVE-2025-11413,https://avd.aquasec.com/nvd/cve-2025-11413,LOW,binutils,2.44-3,
CVE-2025-11414,https://avd.aquasec.com/nvd/cve-2025-11414,LOW,binutils,2.44-3,
CVE-2025-1147,https://avd.aquasec.com/nvd/cve-2025-1147,LOW,binutils,2.44-3,
CVE-2025-1148,https://avd.aquasec.com/nvd/cve-2025-1148,LOW,binutils,2.44-3,
CVE-2025-1149,https://avd.aquasec.com/nvd/cve-2025-1149,LOW,binutils,2.44-3,
CVE-2025-11494,https://avd.aquasec.com/nvd/cve-2025-11494,LOW,binutils,2.44-3,
CVE-2025-11495,https://avd.aquasec.com/nvd/cve-2025-11495,LOW,binutils,2.44-3,
CVE-2025-1150,https://avd.aquasec.com/nvd/cve-2025-1150,LOW,binutils,2.44-3,
CVE-2025-1151,https://avd.aquasec.com/nvd/cve-2025-1151,LOW,binutils,2.44-3,
CVE-2025-1152,https://avd.aquasec.com/nvd/cve-2025-1152,LOW,binutils,2.44-3,
CVE-2025-1153,https://avd.aquasec.com/nvd/cve-2025-1153,LOW,binutils,2.44-3,
CVE-2025-1176,https://avd.aquasec.com/nvd/cve-2025-1176,LOW,binutils,2.44-3,
CVE-2025-1178,https://avd.aquasec.com/nvd/cve-2025-1178,LOW,binutils,2.44-3,
CVE-2025-1180,https://avd.aquasec.com/nvd/cve-2025-1180,LOW,binutils,2.44-3,
CVE-2025-1181,https://avd.aquasec.com/nvd/cve-2025-1181,LOW,binutils,2.44-3,
CVE-2025-1182,https://avd.aquasec.com/nvd/cve-2025-1182,LOW,binutils,2.44-3,
CVE-2025-11839,https://avd.aquasec.com/nvd/cve-2025-11839,LOW,binutils,2.44-3,
CVE-2025-11840,https://avd.aquasec.com/nvd/cve-2025-11840,LOW,binutils,2.44-3,
CVE-2025-3198,https://avd.aquasec.com/nvd/cve-2025-3198,LOW,binutils,2.44-3,
CVE-2025-5244,https://avd.aquasec.com/nvd/cve-2025-5244,LOW,binutils,2.44-3,
CVE-2025-5245,https://avd.aquasec.com/nvd/cve-2025-5245,LOW,binutils,2.44-3,
CVE-2025-7545,https://avd.aquasec.com/nvd/cve-2025-7545,LOW,binutils,2.44-3,
CVE-2025-7546,https://avd.aquasec.com/nvd/cve-2025-7546,LOW,binutils,2.44-3,
CVE-2025-8225,https://avd.aquasec.com/nvd/cve-2025-8225,LOW,binutils,2.44-3,
CVE-2017-13716,https://avd.aquasec.com/nvd/cve-2017-13716,LOW,binutils-common,2.44-3,
CVE-2018-20673,https://avd.aquasec.com/nvd/cve-2018-20673,LOW,binutils-common,2.44-3,
CVE-2018-20712,https://avd.aquasec.com/nvd/cve-2018-20712,LOW,binutils-common,2.44-3,
CVE-2018-9996,https://avd.aquasec.com/nvd/cve-2018-9996,LOW,binutils-common,2.44-3,
CVE-2021-32256,https://avd.aquasec.com/nvd/cve-2021-32256,LOW,binutils-common,2.44-3,
CVE-2025-11081,https://avd.aquasec.com/nvd/cve-2025-11081,LOW,binutils-common,2.44-3,
CVE-2025-11082,https://avd.aquasec.com/nvd/cve-2025-11082,LOW,binutils-common,2.44-3,
CVE-2025-11083,https://avd.aquasec.com/nvd/cve-2025-11083,LOW,binutils-common,2.44-3,
CVE-2025-11412,https://avd.aquasec.com/nvd/cve-2025-11412,LOW,binutils-common,2.44-3,
CVE-2025-11413,https://avd.aquasec.com/nvd/cve-2025-11413,LOW,binutils-common,2.44-3,
CVE-2025-11414,https://avd.aquasec.com/nvd/cve-2025-11414,LOW,binutils-common,2.44-3,
CVE-2025-1147,https://avd.aquasec.com/nvd/cve-2025-1147,LOW,binutils-common,2.44-3,
CVE-2025-1148,https://avd.aquasec.com/nvd/cve-2025-1148,LOW,binutils-common,2.44-3,
CVE-2025-1149,https://avd.aquasec.com/nvd/cve-2025-1149,LOW,binutils-common,2.44-3,
CVE-2025-11494,https://avd.aquasec.com/nvd/cve-2025-11494,LOW,binutils-common,2.44-3,
CVE-2025-11495,https://avd.aquasec.com/nvd/cve-2025-11495,LOW,binutils-common,2.44-3,
CVE-2025-1150,https://avd.aquasec.com/nvd/cve-2025-1150,LOW,binutils-common,2.44-3,
CVE-2025-1151,https://avd.aquasec.com/nvd/cve-2025-1151,LOW,binutils-common,2.44-3,
CVE-2025-1152,https://avd.aquasec.com/nvd/cve-2025-1152,LOW,binutils-common,2.44-3,
CVE-2025-1153,https://avd.aquasec.com/nvd/cve-2025-1153,LOW,binutils-common,2.44-3,
CVE-2025-1176,https://avd.aquasec.com/nvd/cve-2025-1176,LOW,binutils-common,2.44-3,
CVE-2025-1178,https://avd.aquasec.com/nvd/cve-2025-1178,LOW,binutils-common,2.44-3,
CVE-2025-1180,https://avd.aquasec.com/nvd/cve-2025-1180,LOW,binutils-common,2.44-3,
CVE-2025-1181,https://avd.aquasec.com/nvd/cve-2025-1181,LOW,binutils-common,2.44-3,
CVE-2025-1182,https://avd.aquasec.com/nvd/cve-2025-1182,LOW,binutils-common,2.44-3,
CVE-2025-11839,https://avd.aquasec.com/nvd/cve-2025-11839,LOW,binutils-common,2.44-3,
CVE-2025-11840,https://avd.aquasec.com/nvd/cve-2025-11840,LOW,binutils-common,2.44-3,
CVE-2025-3198,https://avd.aquasec.com/nvd/cve-2025-3198,LOW,binutils-common,2.44-3,
CVE-2025-5244,https://avd.aquasec.com/nvd/cve-2025-5244,LOW,binutils-common,2.44-3,
CVE-2025-5245,https://avd.aquasec.com/nvd/cve-2025-5245,LOW,binutils-common,2.44-3,
CVE-2025-7545,https://avd.aquasec.com/nvd/cve-2025-7545,LOW,binutils-common,2.44-3,
CVE-2025-7546,https://avd.aquasec.com/nvd/cve-2025-7546,LOW,binutils-common,2.44-3,
CVE-2025-8225,https://avd.aquasec.com/nvd/cve-2025-8225,LOW,binutils-common,2.44-3,
CVE-2017-13716,https://avd.aquasec.com/nvd/cve-2017-13716,LOW,binutils-x86-64-linux-gnu,2.44-3,
CVE-2018-20673,https://avd.aquasec.com/nvd/cve-2018-20673,LOW,binutils-x86-64-linux-gnu,2.44-3,
CVE-2018-20712,https://avd.aquasec.com/nvd/cve-2018-20712,LOW,binutils-x86-64-linux-gnu,2.44-3,
CVE-2018-9996,https://avd.aquasec.com/nvd/cve-2018-9996,LOW,binutils-x86-64-linux-gnu,2.44-3,
CVE-2021-32256,https://avd.aquasec.com/nvd/cve-2021-32256,LOW,binutils-x86-64-linux-gnu,2.44-3,
CVE-2025-11081,https://avd.aquasec.com/nvd/cve-2025-11081,LOW,binutils-x86-64-linux-gnu,2.44-3,
CVE-2025-11082,https://avd.aquasec.com/nvd/cve-2025-11082,LOW,binutils-x86-64-linux-gnu,2.44-3,
CVE-2025-11083,https://avd.aquasec.com/nvd/cve-2025-11083,LOW,binutils-x86-64-linux-gnu,2.44-3,
CVE-2025-11412,https://avd.aquasec.com/nvd/cve-2025-11412,LOW,binutils-x86-64-linux-gnu,2.44-3,
CVE-2025-11413,https://avd.aquasec.com/nvd/cve-2025-11413,LOW,binutils-x86-64-linux-gnu,2.44-3,
CVE-2025-11414,https://avd.aquasec.com/nvd/cve-2025-11414,LOW,binutils-x86-64-linux-gnu,2.44-3,
CVE-2025-1147,https://avd.aquasec.com/nvd/cve-2025-1147,LOW,binutils-x86-64-linux-gnu,2.44-3,
CVE-2025-1148,https://avd.aquasec.com/nvd/cve-2025-1148,LOW,binutils-x86-64-linux-gnu,2.44-3,
CVE-2025-1149,https://avd.aquasec.com/nvd/cve-2025-1149,LOW,binutils-x86-64-linux-gnu,2.44-3,
CVE-2025-11494,https://avd.aquasec.com/nvd/cve-2025-11494,LOW,binutils-x86-64-linux-gnu,2.44-3,
CVE-2025-11495,https://avd.aquasec.com/nvd/cve-2025-11495,LOW,binutils-x86-64-linux-gnu,2.44-3,
CVE-2025-1150,https://avd.aquasec.com/nvd/cve-2025-1150,LOW,binutils-x86-64-linux-gnu,2.44-3,
CVE-2025-1151,https://avd.aquasec.com/nvd/cve-2025-1151,LOW,binutils-x86-64-linux-gnu,2.44-3,
CVE-2025-1152,https://avd.aquasec.com/nvd/cve-2025-1152,LOW,binutils-x86-64-linux-gnu,2.44-3,
CVE-2025-1153,https://avd.aquasec.com/nvd/cve-2025-1153,LOW,binutils-x86-64-linux-gnu,2.44-3,
CVE-2025-1176,https://avd.aquasec.com/nvd/cve-2025-1176,LOW,binutils-x86-64-linux-gnu,2.44-3,
CVE-2025-1178,https://avd.aquasec.com/nvd/cve-2025-1178,LOW,binutils-x86-64-linux-gnu,2.44-3,
CVE-2025-1180,https://avd.aquasec.com/nvd/cve-2025-1180,LOW,binutils-x86-64-linux-gnu,2.44-3,
CVE-2025-1181,https://avd.aquasec.com/nvd/cve-2025-1181,LOW,binutils-x86-64-linux-gnu,2.44-3,
CVE-2025-1182,https://avd.aquasec.com/nvd/cve-2025-1182,LOW,binutils-x86-64-linux-gnu,2.44-3,
CVE-2025-11839,https://avd.aquasec.com/nvd/cve-2025-11839,LOW,binutils-x86-64-linux-gnu,2.44-3,
CVE-2025-11840,https://avd.aquasec.com/nvd/cve-2025-11840,LOW,binutils-x86-64-linux-gnu,2.44-3,
CVE-2025-3198,https://avd.aquasec.com/nvd/cve-2025-3198,LOW,binutils-x86-64-linux-gnu,2.44-3,
CVE-2025-5244,https://avd.aquasec.com/nvd/cve-2025-5244,LOW,binutils-x86-64-linux-gnu,2.44-3,
CVE-2025-5245,https://avd.aquasec.com/nvd/cve-2025-5245,LOW,binutils-x86-64-linux-gnu,2.44-3,
CVE-2025-7545,https://avd.aquasec.com/nvd/cve-2025-7545,LOW,binutils-x86-64-linux-gnu,2.44-3,
CVE-2025-7546,https://avd.aquasec.com/nvd/cve-2025-7546,LOW,binutils-x86-64-linux-gnu,2.44-3,
CVE-2025-8225,https://avd.aquasec.com/nvd/cve-2025-8225,LOW,binutils-x86-64-linux-gnu,2.44-3,
CVE-2022-0563,https://avd.aquasec.com/nvd/cve-2022-0563,LOW,bsdutils,1:2.41-5,
CVE-2017-18018,https://avd.aquasec.com/nvd/cve-2017-18018,LOW,coreutils,9.7-3,
CVE-2025-5278,https://avd.aquasec.com/nvd/cve-2025-5278,LOW,coreutils,9.7-3,
CVE-2025-10966,https://avd.aquasec.com/nvd/cve-2025-10966,LOW,curl,8.14.1-2,
CVE-2022-3219,https://avd.aquasec.com/nvd/cve-2022-3219,LOW,dirmngr,2.4.7-21+b3,
CVE-2012-0039,https://avd.aquasec.com/nvd/cve-2012-0039,LOW,gir1.2-glib-2.0,2.84.4-3~deb13u1,
CVE-2012-0039,https://avd.aquasec.com/nvd/cve-2012-0039,LOW,gir1.2-glib-2.0-dev,2.84.4-3~deb13u1,
CVE-2012-0039,https://avd.aquasec.com/nvd/cve-2012-0039,LOW,girepository-tools,2.84.4-3~deb13u1,
CVE-2018-1000021,https://avd.aquasec.com/nvd/cve-2018-1000021,LOW,git,1:2.47.3-0+deb13u1,
CVE-2022-24975,https://avd.aquasec.com/nvd/cve-2022-24975,LOW,git,1:2.47.3-0+deb13u1,
CVE-2024-52005,https://avd.aquasec.com/nvd/cve-2024-52005,LOW,git,1:2.47.3-0+deb13u1,
CVE-2018-1000021,https://avd.aquasec.com/nvd/cve-2018-1000021,LOW,git-man,1:2.47.3-0+deb13u1,
CVE-2022-24975,https://avd.aquasec.com/nvd/cve-2022-24975,LOW,git-man,1:2.47.3-0+deb13u1,
CVE-2024-52005,https://avd.aquasec.com/nvd/cve-2024-52005,LOW,git-man,1:2.47.3-0+deb13u1,
CVE-2022-3219,https://avd.aquasec.com/nvd/cve-2022-3219,LOW,gnupg,2.4.7-21,
CVE-2022-3219,https://avd.aquasec.com/nvd/cve-2022-3219,LOW,gnupg-l10n,2.4.7-21,
CVE-2022-3219,https://avd.aquasec.com/nvd/cve-2022-3219,LOW,gpg,2.4.7-21+b3,
CVE-2022-3219,https://avd.aquasec.com/nvd/cve-2022-3219,LOW,gpg-agent,2.4.7-21+b3,
CVE-2022-3219,https://avd.aquasec.com/nvd/cve-2022-3219,LOW,gpgconf,2.4.7-21+b3,
CVE-2022-3219,https://avd.aquasec.com/nvd/cve-2022-3219,LOW,gpgsm,2.4.7-21+b3,
CVE-2005-0406,https://avd.aquasec.com/nvd/cve-2005-0406,LOW,imagemagick,8:7.1.1.43+dfsg1-1+deb13u2,
CVE-2008-3134,https://avd.aquasec.com/nvd/cve-2008-3134,LOW,imagemagick,8:7.1.1.43+dfsg1-1+deb13u2,
CVE-2016-8678,https://avd.aquasec.com/nvd/cve-2016-8678,LOW,imagemagick,8:7.1.1.43+dfsg1-1+deb13u2,
CVE-2017-11754,https://avd.aquasec.com/nvd/cve-2017-11754,LOW,imagemagick,8:7.1.1.43+dfsg1-1+deb13u2,
CVE-2017-11755,https://avd.aquasec.com/nvd/cve-2017-11755,LOW,imagemagick,8:7.1.1.43+dfsg1-1+deb13u2,
CVE-2017-7275,https://avd.aquasec.com/nvd/cve-2017-7275,LOW,imagemagick,8:7.1.1.43+dfsg1-1+deb13u2,
CVE-2018-15607,https://avd.aquasec.com/nvd/cve-2018-15607,LOW,imagemagick,8:7.1.1.43+dfsg1-1+deb13u2,
CVE-2023-34152,https://avd.aquasec.com/nvd/cve-2023-34152,LOW,imagemagick,8:7.1.1.43+dfsg1-1+deb13u2,
CVE-2025-55160,https://avd.aquasec.com/nvd/cve-2025-55160,LOW,imagemagick,8:7.1.1.43+dfsg1-1+deb13u2,
CVE-2005-0406,https://avd.aquasec.com/nvd/cve-2005-0406,LOW,imagemagick-7-common,8:7.1.1.43+dfsg1-1+deb13u2,
CVE-2008-3134,https://avd.aquasec.com/nvd/cve-2008-3134,LOW,imagemagick-7-common,8:7.1.1.43+dfsg1-1+deb13u2,
CVE-2016-8678,https://avd.aquasec.com/nvd/cve-2016-8678,LOW,imagemagick-7-common,8:7.1.1.43+dfsg1-1+deb13u2,
CVE-2017-11754,https://avd.aquasec.com/nvd/cve-2017-11754,LOW,imagemagick-7-common,8:7.1.1.43+dfsg1-1+deb13u2,
CVE-2017-11755,https://avd.aquasec.com/nvd/cve-2017-11755,LOW,imagemagick-7-common,8:7.1.1.43+dfsg1-1+deb13u2,
CVE-2017-7275,https://avd.aquasec.com/nvd/cve-2017-7275,LOW,imagemagick-7-common,8:7.1.1.43+dfsg1-1+deb13u2,
CVE-2018-15607,https://avd.aquasec.com/nvd/cve-2018-15607,LOW,imagemagick-7-common,8:7.1.1.43+dfsg1-1+deb13u2,
CVE-2023-34152,https://avd.aquasec.com/nvd/cve-2023-34152,LOW,imagemagick-7-common,8:7.1.1.43+dfsg1-1+deb13u2,
CVE-2025-55160,https://avd.aquasec.com/nvd/cve-2025-55160,LOW,imagemagick-7-common,8:7.1.1.43+dfsg1-1+deb13u2,
CVE-2005-0406,https://avd.aquasec.com/nvd/cve-2005-0406,LOW,imagemagick-7.q16,8:7.1.1.43+dfsg1-1+deb13u2,
CVE-2008-3134,https://avd.aquasec.com/nvd/cve-2008-3134,LOW,imagemagick-7.q16,8:7.1.1.43+dfsg1-1+deb13u2,
CVE-2016-8678,https://avd.aquasec.com/nvd/cve-2016-8678,LOW,imagemagick-7.q16,8:7.1.1.43+dfsg1-1+deb13u2,
CVE-2017-11754,https://avd.aquasec.com/nvd/cve-2017-11754,LOW,imagemagick-7.q16,8:7.1.1.43+dfsg1-1+deb13u2,
CVE-2017-11755,https://avd.aquasec.com/nvd/cve-2017-11755,LOW,imagemagick-7.q16,8:7.1.1.43+dfsg1-1+deb13u2,
CVE-2017-7275,https://avd.aquasec.com/nvd/cve-2017-7275,LOW,imagemagick-7.q16,8:7.1.1.43+dfsg1-1+deb13u2,
CVE-2018-15607,https://avd.aquasec.com/nvd/cve-2018-15607,LOW,imagemagick-7.q16,8:7.1.1.43+dfsg1-1+deb13u2,
CVE-2023-34152,https://avd.aquasec.com/nvd/cve-2023-34152,LOW,imagemagick-7.q16,8:7.1.1.43+dfsg1-1+deb13u2,
CVE-2025-55160,https://avd.aquasec.com/nvd/cve-2025-55160,LOW,imagemagick-7.q16,8:7.1.1.43+dfsg1-1+deb13u2,
CVE-2018-5709,https://avd.aquasec.com/nvd/cve-2018-5709,LOW,krb5-multidev,1.21.3-5,
CVE-2024-26458,https://avd.aquasec.com/nvd/cve-2024-26458,LOW,krb5-multidev,1.21.3-5,
CVE-2024-26461,https://avd.aquasec.com/nvd/cve-2024-26461,LOW,krb5-multidev,1.21.3-5,
CVE-2011-3374,https://avd.aquasec.com/nvd/cve-2011-3374,LOW,libapt-pkg7.0,3.0.3,
CVE-2017-13716,https://avd.aquasec.com/nvd/cve-2017-13716,LOW,libbinutils,2.44-3,
CVE-2018-20673,https://avd.aquasec.com/nvd/cve-2018-20673,LOW,libbinutils,2.44-3,
CVE-2018-20712,https://avd.aquasec.com/nvd/cve-2018-20712,LOW,libbinutils,2.44-3,
CVE-2018-9996,https://avd.aquasec.com/nvd/cve-2018-9996,LOW,libbinutils,2.44-3,
CVE-2021-32256,https://avd.aquasec.com/nvd/cve-2021-32256,LOW,libbinutils,2.44-3,
CVE-2025-11081,https://avd.aquasec.com/nvd/cve-2025-11081,LOW,libbinutils,2.44-3,
CVE-2025-11082,https://avd.aquasec.com/nvd/cve-2025-11082,LOW,libbinutils,2.44-3,
CVE-2025-11083,https://avd.aquasec.com/nvd/cve-2025-11083,LOW,libbinutils,2.44-3,
CVE-2025-11412,https://avd.aquasec.com/nvd/cve-2025-11412,LOW,libbinutils,2.44-3,
CVE-2025-11413,https://avd.aquasec.com/nvd/cve-2025-11413,LOW,libbinutils,2.44-3,
CVE-2025-11414,https://avd.aquasec.com/nvd/cve-2025-11414,LOW,libbinutils,2.44-3,
CVE-2025-1147,https://avd.aquasec.com/nvd/cve-2025-1147,LOW,libbinutils,2.44-3,
CVE-2025-1148,https://avd.aquasec.com/nvd/cve-2025-1148,LOW,libbinutils,2.44-3,
CVE-2025-1149,https://avd.aquasec.com/nvd/cve-2025-1149,LOW,libbinutils,2.44-3,
CVE-2025-11494,https://avd.aquasec.com/nvd/cve-2025-11494,LOW,libbinutils,2.44-3,
CVE-2025-11495,https://avd.aquasec.com/nvd/cve-2025-11495,LOW,libbinutils,2.44-3,
CVE-2025-1150,https://avd.aquasec.com/nvd/cve-2025-1150,LOW,libbinutils,2.44-3,
CVE-2025-1151,https://avd.aquasec.com/nvd/cve-2025-1151,LOW,libbinutils,2.44-3,
CVE-2025-1152,https://avd.aquasec.com/nvd/cve-2025-1152,LOW,libbinutils,2.44-3,
CVE-2025-1153,https://avd.aquasec.com/nvd/cve-2025-1153,LOW,libbinutils,2.44-3,
CVE-2025-1176,https://avd.aquasec.com/nvd/cve-2025-1176,LOW,libbinutils,2.44-3,
CVE-2025-1178,https://avd.aquasec.com/nvd/cve-2025-1178,LOW,libbinutils,2.44-3,
CVE-2025-1180,https://avd.aquasec.com/nvd/cve-2025-1180,LOW,libbinutils,2.44-3,
CVE-2025-1181,https://avd.aquasec.com/nvd/cve-2025-1181,LOW,libbinutils,2.44-3,
CVE-2025-1182,https://avd.aquasec.com/nvd/cve-2025-1182,LOW,libbinutils,2.44-3,
CVE-2025-11839,https://avd.aquasec.com/nvd/cve-2025-11839,LOW,libbinutils,2.44-3,
CVE-2025-11840,https://avd.aquasec.com/nvd/cve-2025-11840,LOW,libbinutils,2.44-3,
CVE-2025-3198,https://avd.aquasec.com/nvd/cve-2025-3198,LOW,libbinutils,2.44-3,
CVE-2025-5244,https://avd.aquasec.com/nvd/cve-2025-5244,LOW,libbinutils,2.44-3,
CVE-2025-5245,https://avd.aquasec.com/nvd/cve-2025-5245,LOW,libbinutils,2.44-3,
CVE-2025-7545,https://avd.aquasec.com/nvd/cve-2025-7545,LOW,libbinutils,2.44-3,
CVE-2025-7546,https://avd.aquasec.com/nvd/cve-2025-7546,LOW,libbinutils,2.44-3,
CVE-2025-8225,https://avd.aquasec.com/nvd/cve-2025-8225,LOW,libbinutils,2.44-3,
CVE-2022-0563,https://avd.aquasec.com/nvd/cve-2022-0563,LOW,libblkid-dev,2.41-5,
CVE-2022-0563,https://avd.aquasec.com/nvd/cve-2022-0563,LOW,libblkid1,2.41-5,
CVE-2016-9797,https://avd.aquasec.com/nvd/cve-2016-9797,LOW,libbluetooth-dev,5.82-1.1,
CVE-2016-9798,https://avd.aquasec.com/nvd/cve-2016-9798,LOW,libbluetooth-dev,5.82-1.1,
CVE-2016-9799,https://avd.aquasec.com/nvd/cve-2016-9799,LOW,libbluetooth-dev,5.82-1.1,
CVE-2016-9800,https://avd.aquasec.com/nvd/cve-2016-9800,LOW,libbluetooth-dev,5.82-1.1,
CVE-2016-9801,https://avd.aquasec.com/nvd/cve-2016-9801,LOW,libbluetooth-dev,5.82-1.1,
CVE-2016-9802,https://avd.aquasec.com/nvd/cve-2016-9802,LOW,libbluetooth-dev,5.82-1.1,
CVE-2016-9803,https://avd.aquasec.com/nvd/cve-2016-9803,LOW,libbluetooth-dev,5.82-1.1,
CVE-2016-9804,https://avd.aquasec.com/nvd/cve-2016-9804,LOW,libbluetooth-dev,5.82-1.1,
CVE-2016-9917,https://avd.aquasec.com/nvd/cve-2016-9917,LOW,libbluetooth-dev,5.82-1.1,
CVE-2016-9918,https://avd.aquasec.com/nvd/cve-2016-9918,LOW,libbluetooth-dev,5.82-1.1,
CVE-2016-9797,https://avd.aquasec.com/nvd/cve-2016-9797,LOW,libbluetooth3,5.82-1.1,
CVE-2016-9798,https://avd.aquasec.com/nvd/cve-2016-9798,LOW,libbluetooth3,5.82-1.1,
CVE-2016-9799,https://avd.aquasec.com/nvd/cve-2016-9799,LOW,libbluetooth3,5.82-1.1,
CVE-2016-9800,https://avd.aquasec.com/nvd/cve-2016-9800,LOW,libbluetooth3,5.82-1.1,
CVE-2016-9801,https://avd.aquasec.com/nvd/cve-2016-9801,LOW,libbluetooth3,5.82-1.1,
CVE-2016-9802,https://avd.aquasec.com/nvd/cve-2016-9802,LOW,libbluetooth3,5.82-1.1,
CVE-2016-9803,https://avd.aquasec.com/nvd/cve-2016-9803,LOW,libbluetooth3,5.82-1.1,
CVE-2016-9804,https://avd.aquasec.com/nvd/cve-2016-9804,LOW,libbluetooth3,5.82-1.1,
CVE-2016-9917,https://avd.aquasec.com/nvd/cve-2016-9917,LOW,libbluetooth3,5.82-1.1,
CVE-2016-9918,https://avd.aquasec.com/nvd/cve-2016-9918,LOW,libbluetooth3,5.82-1.1,
CVE-2010-4756,https://avd.aquasec.com/nvd/cve-2010-4756,LOW,libc-bin,2.41-12,
CVE-2018-20796,https://avd.aquasec.com/nvd/cve-2018-20796,LOW,libc-bin,2.41-12,
CVE-2019-1010022,https://avd.aquasec.com/nvd/cve-2019-1010022,LOW,libc-bin,2.41-12,
CVE-2019-1010023,https://avd.aquasec.com/nvd/cve-2019-1010023,LOW,libc-bin,2.41-12,
CVE-2019-1010024,https://avd.aquasec.com/nvd/cve-2019-1010024,LOW,libc-bin,2.41-12,
CVE-2019-1010025,https://avd.aquasec.com/nvd/cve-2019-1010025,LOW,libc-bin,2.41-12,
CVE-2019-9192,https://avd.aquasec.com/nvd/cve-2019-9192,LOW,libc-bin,2.41-12,
CVE-2010-4756,https://avd.aquasec.com/nvd/cve-2010-4756,LOW,libc-dev-bin,2.41-12,
CVE-2018-20796,https://avd.aquasec.com/nvd/cve-2018-20796,LOW,libc-dev-bin,2.41-12,
CVE-2019-1010022,https://avd.aquasec.com/nvd/cve-2019-1010022,LOW,libc-dev-bin,2.41-12,
CVE-2019-1010023,https://avd.aquasec.com/nvd/cve-2019-1010023,LOW,libc-dev-bin,2.41-12,
CVE-2019-1010024,https://avd.aquasec.com/nvd/cve-2019-1010024,LOW,libc-dev-bin,2.41-12,
CVE-2019-1010025,https://avd.aquasec.com/nvd/cve-2019-1010025,LOW,libc-dev-bin,2.41-12,
CVE-2019-9192,https://avd.aquasec.com/nvd/cve-2019-9192,LOW,libc-dev-bin,2.41-12,
CVE-2010-4756,https://avd.aquasec.com/nvd/cve-2010-4756,LOW,libc6,2.41-12,
CVE-2018-20796,https://avd.aquasec.com/nvd/cve-2018-20796,LOW,libc6,2.41-12,
CVE-2019-1010022,https://avd.aquasec.com/nvd/cve-2019-1010022,LOW,libc6,2.41-12,
CVE-2019-1010023,https://avd.aquasec.com/nvd/cve-2019-1010023,LOW,libc6,2.41-12,
CVE-2019-1010024,https://avd.aquasec.com/nvd/cve-2019-1010024,LOW,libc6,2.41-12,
CVE-2019-1010025,https://avd.aquasec.com/nvd/cve-2019-1010025,LOW,libc6,2.41-12,
CVE-2019-9192,https://avd.aquasec.com/nvd/cve-2019-9192,LOW,libc6,2.41-12,
CVE-2010-4756,https://avd.aquasec.com/nvd/cve-2010-4756,LOW,libc6-dev,2.41-12,
CVE-2018-20796,https://avd.aquasec.com/nvd/cve-2018-20796,LOW,libc6-dev,2.41-12,
CVE-2019-1010022,https://avd.aquasec.com/nvd/cve-2019-1010022,LOW,libc6-dev,2.41-12,
CVE-2019-1010023,https://avd.aquasec.com/nvd/cve-2019-1010023,LOW,libc6-dev,2.41-12,
CVE-2019-1010024,https://avd.aquasec.com/nvd/cve-2019-1010024,LOW,libc6-dev,2.41-12,
CVE-2019-1010025,https://avd.aquasec.com/nvd/cve-2019-1010025,LOW,libc6-dev,2.41-12,
CVE-2019-9192,https://avd.aquasec.com/nvd/cve-2019-9192,LOW,libc6-dev,2.41-12,
CVE-2017-7475,https://avd.aquasec.com/nvd/cve-2017-7475,LOW,libcairo-gobject2,1.18.4-1+b1,
CVE-2018-18064,https://avd.aquasec.com/nvd/cve-2018-18064,LOW,libcairo-gobject2,1.18.4-1+b1,
CVE-2025-50422,https://avd.aquasec.com/nvd/cve-2025-50422,LOW,libcairo-gobject2,1.18.4-1+b1,
CVE-2017-7475,https://avd.aquasec.com/nvd/cve-2017-7475,LOW,libcairo-script-interpreter2,1.18.4-1+b1,
CVE-2018-18064,https://avd.aquasec.com/nvd/cve-2018-18064,LOW,libcairo-script-interpreter2,1.18.4-1+b1,
CVE-2025-50422,https://avd.aquasec.com/nvd/cve-2025-50422,LOW,libcairo-script-interpreter2,1.18.4-1+b1,
CVE-2017-7475,https://avd.aquasec.com/nvd/cve-2017-7475,LOW,libcairo2,1.18.4-1+b1,
CVE-2018-18064,https://avd.aquasec.com/nvd/cve-2018-18064,LOW,libcairo2,1.18.4-1+b1,
CVE-2025-50422,https://avd.aquasec.com/nvd/cve-2025-50422,LOW,libcairo2,1.18.4-1+b1,
CVE-2017-7475,https://avd.aquasec.com/nvd/cve-2017-7475,LOW,libcairo2-dev,1.18.4-1+b1,
CVE-2018-18064,https://avd.aquasec.com/nvd/cve-2018-18064,LOW,libcairo2-dev,1.18.4-1+b1,
CVE-2025-50422,https://avd.aquasec.com/nvd/cve-2025-50422,LOW,libcairo2-dev,1.18.4-1+b1,
CVE-2017-13716,https://avd.aquasec.com/nvd/cve-2017-13716,LOW,libctf-nobfd0,2.44-3,
CVE-2018-20673,https://avd.aquasec.com/nvd/cve-2018-20673,LOW,libctf-nobfd0,2.44-3,
CVE-2018-20712,https://avd.aquasec.com/nvd/cve-2018-20712,LOW,libctf-nobfd0,2.44-3,
CVE-2018-9996,https://avd.aquasec.com/nvd/cve-2018-9996,LOW,libctf-nobfd0,2.44-3,
CVE-2021-32256,https://avd.aquasec.com/nvd/cve-2021-32256,LOW,libctf-nobfd0,2.44-3,
CVE-2025-11081,https://avd.aquasec.com/nvd/cve-2025-11081,LOW,libctf-nobfd0,2.44-3,
CVE-2025-11082,https://avd.aquasec.com/nvd/cve-2025-11082,LOW,libctf-nobfd0,2.44-3,
CVE-2025-11083,https://avd.aquasec.com/nvd/cve-2025-11083,LOW,libctf-nobfd0,2.44-3,
CVE-2025-11412,https://avd.aquasec.com/nvd/cve-2025-11412,LOW,libctf-nobfd0,2.44-3,
CVE-2025-11413,https://avd.aquasec.com/nvd/cve-2025-11413,LOW,libctf-nobfd0,2.44-3,
CVE-2025-11414,https://avd.aquasec.com/nvd/cve-2025-11414,LOW,libctf-nobfd0,2.44-3,
CVE-2025-1147,https://avd.aquasec.com/nvd/cve-2025-1147,LOW,libctf-nobfd0,2.44-3,
CVE-2025-1148,https://avd.aquasec.com/nvd/cve-2025-1148,LOW,libctf-nobfd0,2.44-3,
CVE-2025-1149,https://avd.aquasec.com/nvd/cve-2025-1149,LOW,libctf-nobfd0,2.44-3,
CVE-2025-11494,https://avd.aquasec.com/nvd/cve-2025-11494,LOW,libctf-nobfd0,2.44-3,
CVE-2025-11495,https://avd.aquasec.com/nvd/cve-2025-11495,LOW,libctf-nobfd0,2.44-3,
CVE-2025-1150,https://avd.aquasec.com/nvd/cve-2025-1150,LOW,libctf-nobfd0,2.44-3,
CVE-2025-1151,https://avd.aquasec.com/nvd/cve-2025-1151,LOW,libctf-nobfd0,2.44-3,
CVE-2025-1152,https://avd.aquasec.com/nvd/cve-2025-1152,LOW,libctf-nobfd0,2.44-3,
CVE-2025-1153,https://avd.aquasec.com/nvd/cve-2025-1153,LOW,libctf-nobfd0,2.44-3,
CVE-2025-1176,https://avd.aquasec.com/nvd/cve-2025-1176,LOW,libctf-nobfd0,2.44-3,
CVE-2025-1178,https://avd.aquasec.com/nvd/cve-2025-1178,LOW,libctf-nobfd0,2.44-3,
CVE-2025-1180,https://avd.aquasec.com/nvd/cve-2025-1180,LOW,libctf-nobfd0,2.44-3,
CVE-2025-1181,https://avd.aquasec.com/nvd/cve-2025-1181,LOW,libctf-nobfd0,2.44-3,
CVE-2025-1182,https://avd.aquasec.com/nvd/cve-2025-1182,LOW,libctf-nobfd0,2.44-3,
CVE-2025-11839,https://avd.aquasec.com/nvd/cve-2025-11839,LOW,libctf-nobfd0,2.44-3,
CVE-2025-11840,https://avd.aquasec.com/nvd/cve-2025-11840,LOW,libctf-nobfd0,2.44-3,
CVE-2025-3198,https://avd.aquasec.com/nvd/cve-2025-3198,LOW,libctf-nobfd0,2.44-3,
CVE-2025-5244,https://avd.aquasec.com/nvd/cve-2025-5244,LOW,libctf-nobfd0,2.44-3,
CVE-2025-5245,https://avd.aquasec.com/nvd/cve-2025-5245,LOW,libctf-nobfd0,2.44-3,
CVE-2025-7545,https://avd.aquasec.com/nvd/cve-2025-7545,LOW,libctf-nobfd0,2.44-3,
CVE-2025-7546,https://avd.aquasec.com/nvd/cve-2025-7546,LOW,libctf-nobfd0,2.44-3,
CVE-2025-8225,https://avd.aquasec.com/nvd/cve-2025-8225,LOW,libctf-nobfd0,2.44-3,
CVE-2017-13716,https://avd.aquasec.com/nvd/cve-2017-13716,LOW,libctf0,2.44-3,
CVE-2018-20673,https://avd.aquasec.com/nvd/cve-2018-20673,LOW,libctf0,2.44-3,
CVE-2018-20712,https://avd.aquasec.com/nvd/cve-2018-20712,LOW,libctf0,2.44-3,
CVE-2018-9996,https://avd.aquasec.com/nvd/cve-2018-9996,LOW,libctf0,2.44-3,
CVE-2021-32256,https://avd.aquasec.com/nvd/cve-2021-32256,LOW,libctf0,2.44-3,
CVE-2025-11081,https://avd.aquasec.com/nvd/cve-2025-11081,LOW,libctf0,2.44-3,
CVE-2025-11082,https://avd.aquasec.com/nvd/cve-2025-11082,LOW,libctf0,2.44-3,
CVE-2025-11083,https://avd.aquasec.com/nvd/cve-2025-11083,LOW,libctf0,2.44-3,
CVE-2025-11412,https://avd.aquasec.com/nvd/cve-2025-11412,LOW,libctf0,2.44-3,
CVE-2025-11413,https://avd.aquasec.com/nvd/cve-2025-11413,LOW,libctf0,2.44-3,
CVE-2025-11414,https://avd.aquasec.com/nvd/cve-2025-11414,LOW,libctf0,2.44-3,
CVE-2025-1147,https://avd.aquasec.com/nvd/cve-2025-1147,LOW,libctf0,2.44-3,
CVE-2025-1148,https://avd.aquasec.com/nvd/cve-2025-1148,LOW,libctf0,2.44-3,
CVE-2025-1149,https://avd.aquasec.com/nvd/cve-2025-1149,LOW,libctf0,2.44-3,
CVE-2025-11494,https://avd.aquasec.com/nvd/cve-2025-11494,LOW,libctf0,2.44-3,
CVE-2025-11495,https://avd.aquasec.com/nvd/cve-2025-11495,LOW,libctf0,2.44-3,
CVE-2025-1150,https://avd.aquasec.com/nvd/cve-2025-1150,LOW,libctf0,2.44-3,
CVE-2025-1151,https://avd.aquasec.com/nvd/cve-2025-1151,LOW,libctf0,2.44-3,
CVE-2025-1152,https://avd.aquasec.com/nvd/cve-2025-1152,LOW,libctf0,2.44-3,
CVE-2025-1153,https://avd.aquasec.com/nvd/cve-2025-1153,LOW,libctf0,2.44-3,
CVE-2025-1176,https://avd.aquasec.com/nvd/cve-2025-1176,LOW,libctf0,2.44-3,
CVE-2025-1178,https://avd.aquasec.com/nvd/cve-2025-1178,LOW,libctf0,2.44-3,
CVE-2025-1180,https://avd.aquasec.com/nvd/cve-2025-1180,LOW,libctf0,2.44-3,
CVE-2025-1181,https://avd.aquasec.com/nvd/cve-2025-1181,LOW,libctf0,2.44-3,
CVE-2025-1182,https://avd.aquasec.com/nvd/cve-2025-1182,LOW,libctf0,2.44-3,
CVE-2025-11839,https://avd.aquasec.com/nvd/cve-2025-11839,LOW,libctf0,2.44-3,
CVE-2025-11840,https://avd.aquasec.com/nvd/cve-2025-11840,LOW,libctf0,2.44-3,
CVE-2025-3198,https://avd.aquasec.com/nvd/cve-2025-3198,LOW,libctf0,2.44-3,
CVE-2025-5244,https://avd.aquasec.com/nvd/cve-2025-5244,LOW,libctf0,2.44-3,
CVE-2025-5245,https://avd.aquasec.com/nvd/cve-2025-5245,LOW,libctf0,2.44-3,
CVE-2025-7545,https://avd.aquasec.com/nvd/cve-2025-7545,LOW,libctf0,2.44-3,
CVE-2025-7546,https://avd.aquasec.com/nvd/cve-2025-7546,LOW,libctf0,2.44-3,
CVE-2025-8225,https://avd.aquasec.com/nvd/cve-2025-8225,LOW,libctf0,2.44-3,
CVE-2025-10966,https://avd.aquasec.com/nvd/cve-2025-10966,LOW,libcurl3t64-gnutls,8.14.1-2,
CVE-2025-10966,https://avd.aquasec.com/nvd/cve-2025-10966,LOW,libcurl4-openssl-dev,8.14.1-2,
CVE-2025-10966,https://avd.aquasec.com/nvd/cve-2025-10966,LOW,libcurl4t64,8.14.1-2,
CVE-2024-25260,https://avd.aquasec.com/nvd/cve-2024-25260,LOW,libelf1t64,0.192-4,
CVE-2025-1352,https://avd.aquasec.com/nvd/cve-2025-1352,LOW,libelf1t64,0.192-4,
CVE-2025-1365,https://avd.aquasec.com/nvd/cve-2025-1365,LOW,libelf1t64,0.192-4,
CVE-2025-1371,https://avd.aquasec.com/nvd/cve-2025-1371,LOW,libelf1t64,0.192-4,
CVE-2025-1372,https://avd.aquasec.com/nvd/cve-2025-1372,LOW,libelf1t64,0.192-4,
CVE-2025-1376,https://avd.aquasec.com/nvd/cve-2025-1376,LOW,libelf1t64,0.192-4,
CVE-2025-1377,https://avd.aquasec.com/nvd/cve-2025-1377,LOW,libelf1t64,0.192-4,
CVE-2018-6829,https://avd.aquasec.com/nvd/cve-2018-6829,LOW,libgcrypt20,1.11.0-7,
CVE-2024-2236,https://avd.aquasec.com/nvd/cve-2024-2236,LOW,libgcrypt20,1.11.0-7,
CVE-2012-0039,https://avd.aquasec.com/nvd/cve-2012-0039,LOW,libgio-2.0-dev,2.84.4-3~deb13u1,
CVE-2012-0039,https://avd.aquasec.com/nvd/cve-2012-0039,LOW,libgio-2.0-dev-bin,2.84.4-3~deb13u1,
CVE-2012-0039,https://avd.aquasec.com/nvd/cve-2012-0039,LOW,libgirepository-2.0-0,2.84.4-3~deb13u1,
CVE-2012-0039,https://avd.aquasec.com/nvd/cve-2012-0039,LOW,libglib2.0-0t64,2.84.4-3~deb13u1,
CVE-2012-0039,https://avd.aquasec.com/nvd/cve-2012-0039,LOW,libglib2.0-bin,2.84.4-3~deb13u1,
CVE-2012-0039,https://avd.aquasec.com/nvd/cve-2012-0039,LOW,libglib2.0-data,2.84.4-3~deb13u1,
CVE-2012-0039,https://avd.aquasec.com/nvd/cve-2012-0039,LOW,libglib2.0-dev,2.84.4-3~deb13u1,
CVE-2012-0039,https://avd.aquasec.com/nvd/cve-2012-0039,LOW,libglib2.0-dev-bin,2.84.4-3~deb13u1,
CVE-2011-3389,https://avd.aquasec.com/nvd/cve-2011-3389,LOW,libgnutls-dane0t64,3.8.9-3,
CVE-2011-3389,https://avd.aquasec.com/nvd/cve-2011-3389,LOW,libgnutls-openssl27t64,3.8.9-3,
CVE-2011-3389,https://avd.aquasec.com/nvd/cve-2011-3389,LOW,libgnutls28-dev,3.8.9-3,
CVE-2011-3389,https://avd.aquasec.com/nvd/cve-2011-3389,LOW,libgnutls30t64,3.8.9-3,
CVE-2017-13716,https://avd.aquasec.com/nvd/cve-2017-13716,LOW,libgprofng0,2.44-3,
CVE-2018-20673,https://avd.aquasec.com/nvd/cve-2018-20673,LOW,libgprofng0,2.44-3,
CVE-2018-20712,https://avd.aquasec.com/nvd/cve-2018-20712,LOW,libgprofng0,2.44-3,
CVE-2018-9996,https://avd.aquasec.com/nvd/cve-2018-9996,LOW,libgprofng0,2.44-3,
CVE-2021-32256,https://avd.aquasec.com/nvd/cve-2021-32256,LOW,libgprofng0,2.44-3,
CVE-2025-11081,https://avd.aquasec.com/nvd/cve-2025-11081,LOW,libgprofng0,2.44-3,
CVE-2025-11082,https://avd.aquasec.com/nvd/cve-2025-11082,LOW,libgprofng0,2.44-3,
CVE-2025-11083,https://avd.aquasec.com/nvd/cve-2025-11083,LOW,libgprofng0,2.44-3,
CVE-2025-11412,https://avd.aquasec.com/nvd/cve-2025-11412,LOW,libgprofng0,2.44-3,
CVE-2025-11413,https://avd.aquasec.com/nvd/cve-2025-11413,LOW,libgprofng0,2.44-3,
CVE-2025-11414,https://avd.aquasec.com/nvd/cve-2025-11414,LOW,libgprofng0,2.44-3,
CVE-2025-1147,https://avd.aquasec.com/nvd/cve-2025-1147,LOW,libgprofng0,2.44-3,
CVE-2025-1148,https://avd.aquasec.com/nvd/cve-2025-1148,LOW,libgprofng0,2.44-3,
CVE-2025-1149,https://avd.aquasec.com/nvd/cve-2025-1149,LOW,libgprofng0,2.44-3,
CVE-2025-11494,https://avd.aquasec.com/nvd/cve-2025-11494,LOW,libgprofng0,2.44-3,
CVE-2025-11495,https://avd.aquasec.com/nvd/cve-2025-11495,LOW,libgprofng0,2.44-3,
CVE-2025-1150,https://avd.aquasec.com/nvd/cve-2025-1150,LOW,libgprofng0,2.44-3,
CVE-2025-1151,https://avd.aquasec.com/nvd/cve-2025-1151,LOW,libgprofng0,2.44-3,
CVE-2025-1152,https://avd.aquasec.com/nvd/cve-2025-1152,LOW,libgprofng0,2.44-3,
CVE-2025-1153,https://avd.aquasec.com/nvd/cve-2025-1153,LOW,libgprofng0,2.44-3,
CVE-2025-1176,https://avd.aquasec.com/nvd/cve-2025-1176,LOW,libgprofng0,2.44-3,
CVE-2025-1178,https://avd.aquasec.com/nvd/cve-2025-1178,LOW,libgprofng0,2.44-3,
CVE-2025-1180,https://avd.aquasec.com/nvd/cve-2025-1180,LOW,libgprofng0,2.44-3,
CVE-2025-1181,https://avd.aquasec.com/nvd/cve-2025-1181,LOW,libgprofng0,2.44-3,
CVE-2025-1182,https://avd.aquasec.com/nvd/cve-2025-1182,LOW,libgprofng0,2.44-3,
CVE-2025-11839,https://avd.aquasec.com/nvd/cve-2025-11839,LOW,libgprofng0,2.44-3,
CVE-2025-11840,https://avd.aquasec.com/nvd/cve-2025-11840,LOW,libgprofng0,2.44-3,
CVE-2025-3198,https://avd.aquasec.com/nvd/cve-2025-3198,LOW,libgprofng0,2.44-3,
CVE-2025-5244,https://avd.aquasec.com/nvd/cve-2025-5244,LOW,libgprofng0,2.44-3,
CVE-2025-5245,https://avd.aquasec.com/nvd/cve-2025-5245,LOW,libgprofng0,2.44-3,
CVE-2025-7545,https://avd.aquasec.com/nvd/cve-2025-7545,LOW,libgprofng0,2.44-3,
CVE-2025-7546,https://avd.aquasec.com/nvd/cve-2025-7546,LOW,libgprofng0,2.44-3,
CVE-2025-8225,https://avd.aquasec.com/nvd/cve-2025-8225,LOW,libgprofng0,2.44-3,
CVE-2018-5709,https://avd.aquasec.com/nvd/cve-2018-5709,LOW,libgssapi-krb5-2,1.21.3-5,
CVE-2024-26458,https://avd.aquasec.com/nvd/cve-2024-26458,LOW,libgssapi-krb5-2,1.21.3-5,
CVE-2024-26461,https://avd.aquasec.com/nvd/cve-2024-26461,LOW,libgssapi-krb5-2,1.21.3-5,
CVE-2018-5709,https://avd.aquasec.com/nvd/cve-2018-5709,LOW,libgssrpc4t64,1.21.3-5,
CVE-2024-26458,https://avd.aquasec.com/nvd/cve-2024-26458,LOW,libgssrpc4t64,1.21.3-5,
CVE-2024-26461,https://avd.aquasec.com/nvd/cve-2024-26461,LOW,libgssrpc4t64,1.21.3-5,
CVE-2020-36325,https://avd.aquasec.com/nvd/cve-2020-36325,LOW,libjansson4,2.14-2+b3,
CVE-2017-9937,https://avd.aquasec.com/nvd/cve-2017-9937,LOW,libjbig-dev,2.1-6.1+b2,
CVE-2017-9937,https://avd.aquasec.com/nvd/cve-2017-9937,LOW,libjbig0,2.1-6.1+b2,
CVE-2018-5709,https://avd.aquasec.com/nvd/cve-2018-5709,LOW,libk5crypto3,1.21.3-5,
CVE-2024-26458,https://avd.aquasec.com/nvd/cve-2024-26458,LOW,libk5crypto3,1.21.3-5,
CVE-2024-26461,https://avd.aquasec.com/nvd/cve-2024-26461,LOW,libk5crypto3,1.21.3-5,
CVE-2018-5709,https://avd.aquasec.com/nvd/cve-2018-5709,LOW,libkadm5clnt-mit12,1.21.3-5,
CVE-2024-26458,https://avd.aquasec.com/nvd/cve-2024-26458,LOW,libkadm5clnt-mit12,1.21.3-5,
CVE-2024-26461,https://avd.aquasec.com/nvd/cve-2024-26461,LOW,libkadm5clnt-mit12,1.21.3-5,
CVE-2018-5709,https://avd.aquasec.com/nvd/cve-2018-5709,LOW,libkadm5srv-mit12,1.21.3-5,
CVE-2024-26458,https://avd.aquasec.com/nvd/cve-2024-26458,LOW,libkadm5srv-mit12,1.21.3-5,
CVE-2024-26461,https://avd.aquasec.com/nvd/cve-2024-26461,LOW,libkadm5srv-mit12,1.21.3-5,
CVE-2018-5709,https://avd.aquasec.com/nvd/cve-2018-5709,LOW,libkdb5-10t64,1.21.3-5,
CVE-2024-26458,https://avd.aquasec.com/nvd/cve-2024-26458,LOW,libkdb5-10t64,1.21.3-5,
CVE-2024-26461,https://avd.aquasec.com/nvd/cve-2024-26461,LOW,libkdb5-10t64,1.21.3-5,
CVE-2018-5709,https://avd.aquasec.com/nvd/cve-2018-5709,LOW,libkrb5-3,1.21.3-5,
CVE-2024-26458,https://avd.aquasec.com/nvd/cve-2024-26458,LOW,libkrb5-3,1.21.3-5,
CVE-2024-26461,https://avd.aquasec.com/nvd/cve-2024-26461,LOW,libkrb5-3,1.21.3-5,
CVE-2018-5709,https://avd.aquasec.com/nvd/cve-2018-5709,LOW,libkrb5-dev,1.21.3-5,
CVE-2024-26458,https://avd.aquasec.com/nvd/cve-2024-26458,LOW,libkrb5-dev,1.21.3-5,
CVE-2024-26461,https://avd.aquasec.com/nvd/cve-2024-26461,LOW,libkrb5-dev,1.21.3-5,
CVE-2018-5709,https://avd.aquasec.com/nvd/cve-2018-5709,LOW,libkrb5support0,1.21.3-5,
CVE-2024-26458,https://avd.aquasec.com/nvd/cve-2024-26458,LOW,libkrb5support0,1.21.3-5,
CVE-2024-26461,https://avd.aquasec.com/nvd/cve-2024-26461,LOW,libkrb5support0,1.21.3-5,
CVE-2022-0563,https://avd.aquasec.com/nvd/cve-2022-0563,LOW,liblastlog2-2,2.41-5,
CVE-2025-29070,https://avd.aquasec.com/nvd/cve-2025-29070,LOW,liblcms2-2,2.16-2,
CVE-2025-29070,https://avd.aquasec.com/nvd/cve-2025-29070,LOW,liblcms2-dev,2.16-2,
CVE-2015-3276,https://avd.aquasec.com/nvd/cve-2015-3276,LOW,libldap-dev,2.6.10+dfsg-1,
CVE-2017-14159,https://avd.aquasec.com/nvd/cve-2017-14159,LOW,libldap-dev,2.6.10+dfsg-1,
CVE-2017-17740,https://avd.aquasec.com/nvd/cve-2017-17740,LOW,libldap-dev,2.6.10+dfsg-1,
CVE-2020-15719,https://avd.aquasec.com/nvd/cve-2020-15719,LOW,libldap-dev,2.6.10+dfsg-1,
CVE-2015-3276,https://avd.aquasec.com/nvd/cve-2015-3276,LOW,libldap2,2.6.10+dfsg-1,
CVE-2017-14159,https://avd.aquasec.com/nvd/cve-2017-14159,LOW,libldap2,2.6.10+dfsg-1,
CVE-2017-17740,https://avd.aquasec.com/nvd/cve-2017-17740,LOW,libldap2,2.6.10+dfsg-1,
CVE-2020-15719,https://avd.aquasec.com/nvd/cve-2020-15719,LOW,libldap2,2.6.10+dfsg-1,
CVE-2005-0406,https://avd.aquasec.com/nvd/cve-2005-0406,LOW,libmagickcore-7-arch-config,8:7.1.1.43+dfsg1-1+deb13u2,
CVE-2008-3134,https://avd.aquasec.com/nvd/cve-2008-3134,LOW,libmagickcore-7-arch-config,8:7.1.1.43+dfsg1-1+deb13u2,
CVE-2016-8678,https://avd.aquasec.com/nvd/cve-2016-8678,LOW,libmagickcore-7-arch-config,8:7.1.1.43+dfsg1-1+deb13u2,
CVE-2017-11754,https://avd.aquasec.com/nvd/cve-2017-11754,LOW,libmagickcore-7-arch-config,8:7.1.1.43+dfsg1-1+deb13u2,
CVE-2017-11755,https://avd.aquasec.com/nvd/cve-2017-11755,LOW,libmagickcore-7-arch-config,8:7.1.1.43+dfsg1-1+deb13u2,
CVE-2017-7275,https://avd.aquasec.com/nvd/cve-2017-7275,LOW,libmagickcore-7-arch-config,8:7.1.1.43+dfsg1-1+deb13u2,
CVE-2018-15607,https://avd.aquasec.com/nvd/cve-2018-15607,LOW,libmagickcore-7-arch-config,8:7.1.1.43+dfsg1-1+deb13u2,
CVE-2023-34152,https://avd.aquasec.com/nvd/cve-2023-34152,LOW,libmagickcore-7-arch-config,8:7.1.1.43+dfsg1-1+deb13u2,
CVE-2025-55160,https://avd.aquasec.com/nvd/cve-2025-55160,LOW,libmagickcore-7-arch-config,8:7.1.1.43+dfsg1-1+deb13u2,
CVE-2005-0406,https://avd.aquasec.com/nvd/cve-2005-0406,LOW,libmagickcore-7-headers,8:7.1.1.43+dfsg1-1+deb13u2,
CVE-2008-3134,https://avd.aquasec.com/nvd/cve-2008-3134,LOW,libmagickcore-7-headers,8:7.1.1.43+dfsg1-1+deb13u2,
CVE-2016-8678,https://avd.aquasec.com/nvd/cve-2016-8678,LOW,libmagickcore-7-headers,8:7.1.1.43+dfsg1-1+deb13u2,
CVE-2017-11754,https://avd.aquasec.com/nvd/cve-2017-11754,LOW,libmagickcore-7-headers,8:7.1.1.43+dfsg1-1+deb13u2,
CVE-2017-11755,https://avd.aquasec.com/nvd/cve-2017-11755,LOW,libmagickcore-7-headers,8:7.1.1.43+dfsg1-1+deb13u2,
CVE-2017-7275,https://avd.aquasec.com/nvd/cve-2017-7275,LOW,libmagickcore-7-headers,8:7.1.1.43+dfsg1-1+deb13u2,
CVE-2018-15607,https://avd.aquasec.com/nvd/cve-2018-15607,LOW,libmagickcore-7-headers,8:7.1.1.43+dfsg1-1+deb13u2,
CVE-2023-34152,https://avd.aquasec.com/nvd/cve-2023-34152,LOW,libmagickcore-7-headers,8:7.1.1.43+dfsg1-1+deb13u2,
CVE-2025-55160,https://avd.aquasec.com/nvd/cve-2025-55160,LOW,libmagickcore-7-headers,8:7.1.1.43+dfsg1-1+deb13u2,
CVE-2005-0406,https://avd.aquasec.com/nvd/cve-2005-0406,LOW,libmagickcore-7.q16-10,8:7.1.1.43+dfsg1-1+deb13u2,
CVE-2008-3134,https://avd.aquasec.com/nvd/cve-2008-3134,LOW,libmagickcore-7.q16-10,8:7.1.1.43+dfsg1-1+deb13u2,
CVE-2016-8678,https://avd.aquasec.com/nvd/cve-2016-8678,LOW,libmagickcore-7.q16-10,8:7.1.1.43+dfsg1-1+deb13u2,
CVE-2017-11754,https://avd.aquasec.com/nvd/cve-2017-11754,LOW,libmagickcore-7.q16-10,8:7.1.1.43+dfsg1-1+deb13u2,
CVE-2017-11755,https://avd.aquasec.com/nvd/cve-2017-11755,LOW,libmagickcore-7.q16-10,8:7.1.1.43+dfsg1-1+deb13u2,
CVE-2017-7275,https://avd.aquasec.com/nvd/cve-2017-7275,LOW,libmagickcore-7.q16-10,8:7.1.1.43+dfsg1-1+deb13u2,
CVE-2018-15607,https://avd.aquasec.com/nvd/cve-2018-15607,LOW,libmagickcore-7.q16-10,8:7.1.1.43+dfsg1-1+deb13u2,
CVE-2023-34152,https://avd.aquasec.com/nvd/cve-2023-34152,LOW,libmagickcore-7.q16-10,8:7.1.1.43+dfsg1-1+deb13u2,
CVE-2025-55160,https://avd.aquasec.com/nvd/cve-2025-55160,LOW,libmagickcore-7.q16-10,8:7.1.1.43+dfsg1-1+deb13u2,
CVE-2005-0406,https://avd.aquasec.com/nvd/cve-2005-0406,LOW,libmagickcore-7.q16-10-extra,8:7.1.1.43+dfsg1-1+deb13u2,
CVE-2008-3134,https://avd.aquasec.com/nvd/cve-2008-3134,LOW,libmagickcore-7.q16-10-extra,8:7.1.1.43+dfsg1-1+deb13u2,
CVE-2016-8678,https://avd.aquasec.com/nvd/cve-2016-8678,LOW,libmagickcore-7.q16-10-extra,8:7.1.1.43+dfsg1-1+deb13u2,
CVE-2017-11754,https://avd.aquasec.com/nvd/cve-2017-11754,LOW,libmagickcore-7.q16-10-extra,8:7.1.1.43+dfsg1-1+deb13u2,
CVE-2017-11755,https://avd.aquasec.com/nvd/cve-2017-11755,LOW,libmagickcore-7.q16-10-extra,8:7.1.1.43+dfsg1-1+deb13u2,
CVE-2017-7275,https://avd.aquasec.com/nvd/cve-2017-7275,LOW,libmagickcore-7.q16-10-extra,8:7.1.1.43+dfsg1-1+deb13u2,
CVE-2018-15607,https://avd.aquasec.com/nvd/cve-2018-15607,LOW,libmagickcore-7.q16-10-extra,8:7.1.1.43+dfsg1-1+deb13u2,
CVE-2023-34152,https://avd.aquasec.com/nvd/cve-2023-34152,LOW,libmagickcore-7.q16-10-extra,8:7.1.1.43+dfsg1-1+deb13u2,
CVE-2025-55160,https://avd.aquasec.com/nvd/cve-2025-55160,LOW,libmagickcore-7.q16-10-extra,8:7.1.1.43+dfsg1-1+deb13u2,
CVE-2005-0406,https://avd.aquasec.com/nvd/cve-2005-0406,LOW,libmagickcore-7.q16-dev,8:7.1.1.43+dfsg1-1+deb13u2,
CVE-2008-3134,https://avd.aquasec.com/nvd/cve-2008-3134,LOW,libmagickcore-7.q16-dev,8:7.1.1.43+dfsg1-1+deb13u2,
CVE-2016-8678,https://avd.aquasec.com/nvd/cve-2016-8678,LOW,libmagickcore-7.q16-dev,8:7.1.1.43+dfsg1-1+deb13u2,
CVE-2017-11754,https://avd.aquasec.com/nvd/cve-2017-11754,LOW,libmagickcore-7.q16-dev,8:7.1.1.43+dfsg1-1+deb13u2,
CVE-2017-11755,https://avd.aquasec.com/nvd/cve-2017-11755,LOW,libmagickcore-7.q16-dev,8:7.1.1.43+dfsg1-1+deb13u2,
CVE-2017-7275,https://avd.aquasec.com/nvd/cve-2017-7275,LOW,libmagickcore-7.q16-dev,8:7.1.1.43+dfsg1-1+deb13u2,
CVE-2018-15607,https://avd.aquasec.com/nvd/cve-2018-15607,LOW,libmagickcore-7.q16-dev,8:7.1.1.43+dfsg1-1+deb13u2,
CVE-2023-34152,https://avd.aquasec.com/nvd/cve-2023-34152,LOW,libmagickcore-7.q16-dev,8:7.1.1.43+dfsg1-1+deb13u2,
CVE-2025-55160,https://avd.aquasec.com/nvd/cve-2025-55160,LOW,libmagickcore-7.q16-dev,8:7.1.1.43+dfsg1-1+deb13u2,
CVE-2005-0406,https://avd.aquasec.com/nvd/cve-2005-0406,LOW,libmagickcore-dev,8:7.1.1.43+dfsg1-1+deb13u2,
CVE-2008-3134,https://avd.aquasec.com/nvd/cve-2008-3134,LOW,libmagickcore-dev,8:7.1.1.43+dfsg1-1+deb13u2,
CVE-2016-8678,https://avd.aquasec.com/nvd/cve-2016-8678,LOW,libmagickcore-dev,8:7.1.1.43+dfsg1-1+deb13u2,
CVE-2017-11754,https://avd.aquasec.com/nvd/cve-2017-11754,LOW,libmagickcore-dev,8:7.1.1.43+dfsg1-1+deb13u2,
CVE-2017-11755,https://avd.aquasec.com/nvd/cve-2017-11755,LOW,libmagickcore-dev,8:7.1.1.43+dfsg1-1+deb13u2,
CVE-2017-7275,https://avd.aquasec.com/nvd/cve-2017-7275,LOW,libmagickcore-dev,8:7.1.1.43+dfsg1-1+deb13u2,
CVE-2018-15607,https://avd.aquasec.com/nvd/cve-2018-15607,LOW,libmagickcore-dev,8:7.1.1.43+dfsg1-1+deb13u2,
CVE-2023-34152,https://avd.aquasec.com/nvd/cve-2023-34152,LOW,libmagickcore-dev,8:7.1.1.43+dfsg1-1+deb13u2,
CVE-2025-55160,https://avd.aquasec.com/nvd/cve-2025-55160,LOW,libmagickcore-dev,8:7.1.1.43+dfsg1-1+deb13u2,
CVE-2005-0406,https://avd.aquasec.com/nvd/cve-2005-0406,LOW,libmagickwand-7-headers,8:7.1.1.43+dfsg1-1+deb13u2,
CVE-2008-3134,https://avd.aquasec.com/nvd/cve-2008-3134,LOW,libmagickwand-7-headers,8:7.1.1.43+dfsg1-1+deb13u2,
CVE-2016-8678,https://avd.aquasec.com/nvd/cve-2016-8678,LOW,libmagickwand-7-headers,8:7.1.1.43+dfsg1-1+deb13u2,
CVE-2017-11754,https://avd.aquasec.com/nvd/cve-2017-11754,LOW,libmagickwand-7-headers,8:7.1.1.43+dfsg1-1+deb13u2,
CVE-2017-11755,https://avd.aquasec.com/nvd/cve-2017-11755,LOW,libmagickwand-7-headers,8:7.1.1.43+dfsg1-1+deb13u2,
CVE-2017-7275,https://avd.aquasec.com/nvd/cve-2017-7275,LOW,libmagickwand-7-headers,8:7.1.1.43+dfsg1-1+deb13u2,
CVE-2018-15607,https://avd.aquasec.com/nvd/cve-2018-15607,LOW,libmagickwand-7-headers,8:7.1.1.43+dfsg1-1+deb13u2,
CVE-2023-34152,https://avd.aquasec.com/nvd/cve-2023-34152,LOW,libmagickwand-7-headers,8:7.1.1.43+dfsg1-1+deb13u2,
CVE-2025-55160,https://avd.aquasec.com/nvd/cve-2025-55160,LOW,libmagickwand-7-headers,8:7.1.1.43+dfsg1-1+deb13u2,
CVE-2005-0406,https://avd.aquasec.com/nvd/cve-2005-0406,LOW,libmagickwand-7.q16-10,8:7.1.1.43+dfsg1-1+deb13u2,
CVE-2008-3134,https://avd.aquasec.com/nvd/cve-2008-3134,LOW,libmagickwand-7.q16-10,8:7.1.1.43+dfsg1-1+deb13u2,
CVE-2016-8678,https://avd.aquasec.com/nvd/cve-2016-8678,LOW,libmagickwand-7.q16-10,8:7.1.1.43+dfsg1-1+deb13u2,
CVE-2017-11754,https://avd.aquasec.com/nvd/cve-2017-11754,LOW,libmagickwand-7.q16-10,8:7.1.1.43+dfsg1-1+deb13u2,
CVE-2017-11755,https://avd.aquasec.com/nvd/cve-2017-11755,LOW,libmagickwand-7.q16-10,8:7.1.1.43+dfsg1-1+deb13u2,
CVE-2017-7275,https://avd.aquasec.com/nvd/cve-2017-7275,LOW,libmagickwand-7.q16-10,8:7.1.1.43+dfsg1-1+deb13u2,
CVE-2018-15607,https://avd.aquasec.com/nvd/cve-2018-15607,LOW,libmagickwand-7.q16-10,8:7.1.1.43+dfsg1-1+deb13u2,
CVE-2023-34152,https://avd.aquasec.com/nvd/cve-2023-34152,LOW,libmagickwand-7.q16-10,8:7.1.1.43+dfsg1-1+deb13u2,
CVE-2025-55160,https://avd.aquasec.com/nvd/cve-2025-55160,LOW,libmagickwand-7.q16-10,8:7.1.1.43+dfsg1-1+deb13u2,
CVE-2005-0406,https://avd.aquasec.com/nvd/cve-2005-0406,LOW,libmagickwand-7.q16-dev,8:7.1.1.43+dfsg1-1+deb13u2,
CVE-2008-3134,https://avd.aquasec.com/nvd/cve-2008-3134,LOW,libmagickwand-7.q16-dev,8:7.1.1.43+dfsg1-1+deb13u2,
CVE-2016-8678,https://avd.aquasec.com/nvd/cve-2016-8678,LOW,libmagickwand-7.q16-dev,8:7.1.1.43+dfsg1-1+deb13u2,
CVE-2017-11754,https://avd.aquasec.com/nvd/cve-2017-11754,LOW,libmagickwand-7.q16-dev,8:7.1.1.43+dfsg1-1+deb13u2,
CVE-2017-11755,https://avd.aquasec.com/nvd/cve-2017-11755,LOW,libmagickwand-7.q16-dev,8:7.1.1.43+dfsg1-1+deb13u2,
CVE-2017-7275,https://avd.aquasec.com/nvd/cve-2017-7275,LOW,libmagickwand-7.q16-dev,8:7.1.1.43+dfsg1-1+deb13u2,
CVE-2018-15607,https://avd.aquasec.com/nvd/cve-2018-15607,LOW,libmagickwand-7.q16-dev,8:7.1.1.43+dfsg1-1+deb13u2,
CVE-2023-34152,https://avd.aquasec.com/nvd/cve-2023-34152,LOW,libmagickwand-7.q16-dev,8:7.1.1.43+dfsg1-1+deb13u2,
CVE-2025-55160,https://avd.aquasec.com/nvd/cve-2025-55160,LOW,libmagickwand-7.q16-dev,8:7.1.1.43+dfsg1-1+deb13u2,
CVE-2005-0406,https://avd.aquasec.com/nvd/cve-2005-0406,LOW,libmagickwand-dev,8:7.1.1.43+dfsg1-1+deb13u2,
CVE-2008-3134,https://avd.aquasec.com/nvd/cve-2008-3134,LOW,libmagickwand-dev,8:7.1.1.43+dfsg1-1+deb13u2,
CVE-2016-8678,https://avd.aquasec.com/nvd/cve-2016-8678,LOW,libmagickwand-dev,8:7.1.1.43+dfsg1-1+deb13u2,
CVE-2017-11754,https://avd.aquasec.com/nvd/cve-2017-11754,LOW,libmagickwand-dev,8:7.1.1.43+dfsg1-1+deb13u2,
CVE-2017-11755,https://avd.aquasec.com/nvd/cve-2017-11755,LOW,libmagickwand-dev,8:7.1.1.43+dfsg1-1+deb13u2,
CVE-2017-7275,https://avd.aquasec.com/nvd/cve-2017-7275,LOW,libmagickwand-dev,8:7.1.1.43+dfsg1-1+deb13u2,
CVE-2018-15607,https://avd.aquasec.com/nvd/cve-2018-15607,LOW,libmagickwand-dev,8:7.1.1.43+dfsg1-1+deb13u2,
CVE-2023-34152,https://avd.aquasec.com/nvd/cve-2023-34152,LOW,libmagickwand-dev,8:7.1.1.43+dfsg1-1+deb13u2,
CVE-2025-55160,https://avd.aquasec.com/nvd/cve-2025-55160,LOW,libmagickwand-dev,8:7.1.1.43+dfsg1-1+deb13u2,
CVE-2022-0563,https://avd.aquasec.com/nvd/cve-2022-0563,LOW,libmount-dev,2.41-5,
CVE-2022-0563,https://avd.aquasec.com/nvd/cve-2022-0563,LOW,libmount1,2.41-5,
CVE-2025-6141,https://avd.aquasec.com/nvd/cve-2025-6141,LOW,libncurses-dev,6.5+20250216-2,
CVE-2025-6141,https://avd.aquasec.com/nvd/cve-2025-6141,LOW,libncurses6,6.5+20250216-2,
CVE-2025-6141,https://avd.aquasec.com/nvd/cve-2025-6141,LOW,libncursesw6,6.5+20250216-2,
CVE-2017-14988,https://avd.aquasec.com/nvd/cve-2017-14988,LOW,libopenexr-3-1-30,3.1.13-2,
CVE-2017-14988,https://avd.aquasec.com/nvd/cve-2017-14988,LOW,libopenexr-dev,3.1.13-2,
CVE-2016-10505,https://avd.aquasec.com/nvd/cve-2016-10505,LOW,libopenjp2-7,2.5.3-2.1~deb13u1,
CVE-2016-9113,https://avd.aquasec.com/nvd/cve-2016-9113,LOW,libopenjp2-7,2.5.3-2.1~deb13u1,
CVE-2016-9114,https://avd.aquasec.com/nvd/cve-2016-9114,LOW,libopenjp2-7,2.5.3-2.1~deb13u1,
CVE-2016-9115,https://avd.aquasec.com/nvd/cve-2016-9115,LOW,libopenjp2-7,2.5.3-2.1~deb13u1,
CVE-2016-9116,https://avd.aquasec.com/nvd/cve-2016-9116,LOW,libopenjp2-7,2.5.3-2.1~deb13u1,
CVE-2016-9117,https://avd.aquasec.com/nvd/cve-2016-9117,LOW,libopenjp2-7,2.5.3-2.1~deb13u1,
CVE-2016-9580,https://avd.aquasec.com/nvd/cve-2016-9580,LOW,libopenjp2-7,2.5.3-2.1~deb13u1,
CVE-2016-9581,https://avd.aquasec.com/nvd/cve-2016-9581,LOW,libopenjp2-7,2.5.3-2.1~deb13u1,
CVE-2018-16376,https://avd.aquasec.com/nvd/cve-2018-16376,LOW,libopenjp2-7,2.5.3-2.1~deb13u1,
CVE-2019-6988,https://avd.aquasec.com/nvd/cve-2019-6988,LOW,libopenjp2-7,2.5.3-2.1~deb13u1,
CVE-2016-10505,https://avd.aquasec.com/nvd/cve-2016-10505,LOW,libopenjp2-7-dev,2.5.3-2.1~deb13u1,
CVE-2016-9113,https://avd.aquasec.com/nvd/cve-2016-9113,LOW,libopenjp2-7-dev,2.5.3-2.1~deb13u1,
CVE-2016-9114,https://avd.aquasec.com/nvd/cve-2016-9114,LOW,libopenjp2-7-dev,2.5.3-2.1~deb13u1,
CVE-2016-9115,https://avd.aquasec.com/nvd/cve-2016-9115,LOW,libopenjp2-7-dev,2.5.3-2.1~deb13u1,
CVE-2016-9116,https://avd.aquasec.com/nvd/cve-2016-9116,LOW,libopenjp2-7-dev,2.5.3-2.1~deb13u1,
CVE-2016-9117,https://avd.aquasec.com/nvd/cve-2016-9117,LOW,libopenjp2-7-dev,2.5.3-2.1~deb13u1,
CVE-2016-9580,https://avd.aquasec.com/nvd/cve-2016-9580,LOW,libopenjp2-7-dev,2.5.3-2.1~deb13u1,
CVE-2016-9581,https://avd.aquasec.com/nvd/cve-2016-9581,LOW,libopenjp2-7-dev,2.5.3-2.1~deb13u1,
CVE-2018-16376,https://avd.aquasec.com/nvd/cve-2018-16376,LOW,libopenjp2-7-dev,2.5.3-2.1~deb13u1,
CVE-2019-6988,https://avd.aquasec.com/nvd/cve-2019-6988,LOW,libopenjp2-7-dev,2.5.3-2.1~deb13u1,
CVE-2011-4116,https://avd.aquasec.com/nvd/cve-2011-4116,LOW,libperl5.40,5.40.1-6,
CVE-2023-37769,https://avd.aquasec.com/nvd/cve-2023-37769,LOW,libpixman-1-0,0.44.0-3,
CVE-2023-37769,https://avd.aquasec.com/nvd/cve-2023-37769,LOW,libpixman-1-dev,0.44.0-3,
CVE-2021-4214,https://avd.aquasec.com/nvd/cve-2021-4214,LOW,libpng-dev,1.6.48-1,
CVE-2021-4214,https://avd.aquasec.com/nvd/cve-2021-4214,LOW,libpng16-16t64,1.6.48-1,
CVE-2020-24890,https://avd.aquasec.com/nvd/cve-2020-24890,LOW,libraw23t64,0.21.4-2,
CVE-2017-13716,https://avd.aquasec.com/nvd/cve-2017-13716,LOW,libsframe1,2.44-3,
CVE-2018-20673,https://avd.aquasec.com/nvd/cve-2018-20673,LOW,libsframe1,2.44-3,
CVE-2018-20712,https://avd.aquasec.com/nvd/cve-2018-20712,LOW,libsframe1,2.44-3,
CVE-2018-9996,https://avd.aquasec.com/nvd/cve-2018-9996,LOW,libsframe1,2.44-3,
CVE-2021-32256,https://avd.aquasec.com/nvd/cve-2021-32256,LOW,libsframe1,2.44-3,
CVE-2025-11081,https://avd.aquasec.com/nvd/cve-2025-11081,LOW,libsframe1,2.44-3,
CVE-2025-11082,https://avd.aquasec.com/nvd/cve-2025-11082,LOW,libsframe1,2.44-3,
CVE-2025-11083,https://avd.aquasec.com/nvd/cve-2025-11083,LOW,libsframe1,2.44-3,
CVE-2025-11412,https://avd.aquasec.com/nvd/cve-2025-11412,LOW,libsframe1,2.44-3,
CVE-2025-11413,https://avd.aquasec.com/nvd/cve-2025-11413,LOW,libsframe1,2.44-3,
CVE-2025-11414,https://avd.aquasec.com/nvd/cve-2025-11414,LOW,libsframe1,2.44-3,
CVE-2025-1147,https://avd.aquasec.com/nvd/cve-2025-1147,LOW,libsframe1,2.44-3,
CVE-2025-1148,https://avd.aquasec.com/nvd/cve-2025-1148,LOW,libsframe1,2.44-3,
CVE-2025-1149,https://avd.aquasec.com/nvd/cve-2025-1149,LOW,libsframe1,2.44-3,
CVE-2025-11494,https://avd.aquasec.com/nvd/cve-2025-11494,LOW,libsframe1,2.44-3,
CVE-2025-11495,https://avd.aquasec.com/nvd/cve-2025-11495,LOW,libsframe1,2.44-3,
CVE-2025-1150,https://avd.aquasec.com/nvd/cve-2025-1150,LOW,libsframe1,2.44-3,
CVE-2025-1151,https://avd.aquasec.com/nvd/cve-2025-1151,LOW,libsframe1,2.44-3,
CVE-2025-1152,https://avd.aquasec.com/nvd/cve-2025-1152,LOW,libsframe1,2.44-3,
CVE-2025-1153,https://avd.aquasec.com/nvd/cve-2025-1153,LOW,libsframe1,2.44-3,
CVE-2025-1176,https://avd.aquasec.com/nvd/cve-2025-1176,LOW,libsframe1,2.44-3,
CVE-2025-1178,https://avd.aquasec.com/nvd/cve-2025-1178,LOW,libsframe1,2.44-3,
CVE-2025-1180,https://avd.aquasec.com/nvd/cve-2025-1180,LOW,libsframe1,2.44-3,
CVE-2025-1181,https://avd.aquasec.com/nvd/cve-2025-1181,LOW,libsframe1,2.44-3,
CVE-2025-1182,https://avd.aquasec.com/nvd/cve-2025-1182,LOW,libsframe1,2.44-3,
CVE-2025-11839,https://avd.aquasec.com/nvd/cve-2025-11839,LOW,libsframe1,2.44-3,
CVE-2025-11840,https://avd.aquasec.com/nvd/cve-2025-11840,LOW,libsframe1,2.44-3,
CVE-2025-3198,https://avd.aquasec.com/nvd/cve-2025-3198,LOW,libsframe1,2.44-3,
CVE-2025-5244,https://avd.aquasec.com/nvd/cve-2025-5244,LOW,libsframe1,2.44-3,
CVE-2025-5245,https://avd.aquasec.com/nvd/cve-2025-5245,LOW,libsframe1,2.44-3,
CVE-2025-7545,https://avd.aquasec.com/nvd/cve-2025-7545,LOW,libsframe1,2.44-3,
CVE-2025-7546,https://avd.aquasec.com/nvd/cve-2025-7546,LOW,libsframe1,2.44-3,
CVE-2025-8225,https://avd.aquasec.com/nvd/cve-2025-8225,LOW,libsframe1,2.44-3,
CVE-2022-0563,https://avd.aquasec.com/nvd/cve-2022-0563,LOW,libsmartcols1,2.41-5,
CVE-2021-45346,https://avd.aquasec.com/nvd/cve-2021-45346,LOW,libsqlite3-0,3.46.1-7,
CVE-2021-45346,https://avd.aquasec.com/nvd/cve-2021-45346,LOW,libsqlite3-dev,3.46.1-7,
CVE-2013-4392,https://avd.aquasec.com/nvd/cve-2013-4392,LOW,libsystemd0,257.8-1~deb13u2,
CVE-2023-31437,https://avd.aquasec.com/nvd/cve-2023-31437,LOW,libsystemd0,257.8-1~deb13u2,
CVE-2023-31438,https://avd.aquasec.com/nvd/cve-2023-31438,LOW,libsystemd0,257.8-1~deb13u2,
CVE-2023-31439,https://avd.aquasec.com/nvd/cve-2023-31439,LOW,libsystemd0,257.8-1~deb13u2,
CVE-2021-35331,https://avd.aquasec.com/nvd/cve-2021-35331,LOW,libtcl8.6,8.6.16+dfsg-1,
CVE-2017-16232,https://avd.aquasec.com/nvd/cve-2017-16232,LOW,libtiff-dev,4.7.0-3+deb13u1,
CVE-2018-10126,https://avd.aquasec.com/nvd/cve-2018-10126,LOW,libtiff-dev,4.7.0-3+deb13u1,
CVE-2022-1210,https://avd.aquasec.com/nvd/cve-2022-1210,LOW,libtiff-dev,4.7.0-3+deb13u1,
CVE-2025-8176,https://avd.aquasec.com/nvd/cve-2025-8176,LOW,libtiff-dev,4.7.0-3+deb13u1,
CVE-2025-8177,https://avd.aquasec.com/nvd/cve-2025-8177,LOW,libtiff-dev,4.7.0-3+deb13u1,
CVE-2025-8534,https://avd.aquasec.com/nvd/cve-2025-8534,LOW,libtiff-dev,4.7.0-3+deb13u1,
CVE-2017-16232,https://avd.aquasec.com/nvd/cve-2017-16232,LOW,libtiff6,4.7.0-3+deb13u1,
CVE-2018-10126,https://avd.aquasec.com/nvd/cve-2018-10126,LOW,libtiff6,4.7.0-3+deb13u1,
CVE-2022-1210,https://avd.aquasec.com/nvd/cve-2022-1210,LOW,libtiff6,4.7.0-3+deb13u1,
CVE-2025-8176,https://avd.aquasec.com/nvd/cve-2025-8176,LOW,libtiff6,4.7.0-3+deb13u1,
CVE-2025-8177,https://avd.aquasec.com/nvd/cve-2025-8177,LOW,libtiff6,4.7.0-3+deb13u1,
CVE-2025-8534,https://avd.aquasec.com/nvd/cve-2025-8534,LOW,libtiff6,4.7.0-3+deb13u1,
CVE-2017-16232,https://avd.aquasec.com/nvd/cve-2017-16232,LOW,libtiffxx6,4.7.0-3+deb13u1,
CVE-2018-10126,https://avd.aquasec.com/nvd/cve-2018-10126,LOW,libtiffxx6,4.7.0-3+deb13u1,
CVE-2022-1210,https://avd.aquasec.com/nvd/cve-2022-1210,LOW,libtiffxx6,4.7.0-3+deb13u1,
CVE-2025-8176,https://avd.aquasec.com/nvd/cve-2025-8176,LOW,libtiffxx6,4.7.0-3+deb13u1,
CVE-2025-8177,https://avd.aquasec.com/nvd/cve-2025-8177,LOW,libtiffxx6,4.7.0-3+deb13u1,
CVE-2025-8534,https://avd.aquasec.com/nvd/cve-2025-8534,LOW,libtiffxx6,4.7.0-3+deb13u1,
CVE-2025-6141,https://avd.aquasec.com/nvd/cve-2025-6141,LOW,libtinfo6,6.5+20250216-2,
CVE-2013-4392,https://avd.aquasec.com/nvd/cve-2013-4392,LOW,libudev1,257.8-1~deb13u2,
CVE-2023-31437,https://avd.aquasec.com/nvd/cve-2023-31437,LOW,libudev1,257.8-1~deb13u2,
CVE-2023-31438,https://avd.aquasec.com/nvd/cve-2023-31438,LOW,libudev1,257.8-1~deb13u2,
CVE-2023-31439,https://avd.aquasec.com/nvd/cve-2023-31439,LOW,libudev1,257.8-1~deb13u2,
CVE-2022-0563,https://avd.aquasec.com/nvd/cve-2022-0563,LOW,libuuid1,2.41-5,
CVE-2007-3476,https://avd.aquasec.com/nvd/cve-2007-3476,LOW,libwmf-0.2-7,0.2.13-1.1+b3,
CVE-2007-3477,https://avd.aquasec.com/nvd/cve-2007-3477,LOW,libwmf-0.2-7,0.2.13-1.1+b3,
CVE-2007-3996,https://avd.aquasec.com/nvd/cve-2007-3996,LOW,libwmf-0.2-7,0.2.13-1.1+b3,
CVE-2009-3546,https://avd.aquasec.com/nvd/cve-2009-3546,LOW,libwmf-0.2-7,0.2.13-1.1+b3,
TEMP-0601525-BEBB65,https://security-tracker.debian.org/tracker/TEMP-0601525-BEBB65,LOW,libwmf-0.2-7,0.2.13-1.1+b3,
CVE-2007-3476,https://avd.aquasec.com/nvd/cve-2007-3476,LOW,libwmf-dev,0.2.13-1.1+b3,
CVE-2007-3477,https://avd.aquasec.com/nvd/cve-2007-3477,LOW,libwmf-dev,0.2.13-1.1+b3,
CVE-2007-3996,https://avd.aquasec.com/nvd/cve-2007-3996,LOW,libwmf-dev,0.2.13-1.1+b3,
CVE-2009-3546,https://avd.aquasec.com/nvd/cve-2009-3546,LOW,libwmf-dev,0.2.13-1.1+b3,
TEMP-0601525-BEBB65,https://security-tracker.debian.org/tracker/TEMP-0601525-BEBB65,LOW,libwmf-dev,0.2.13-1.1+b3,
CVE-2007-3476,https://avd.aquasec.com/nvd/cve-2007-3476,LOW,libwmflite-0.2-7,0.2.13-1.1+b3,
CVE-2007-3477,https://avd.aquasec.com/nvd/cve-2007-3477,LOW,libwmflite-0.2-7,0.2.13-1.1+b3,
CVE-2007-3996,https://avd.aquasec.com/nvd/cve-2007-3996,LOW,libwmflite-0.2-7,0.2.13-1.1+b3,
CVE-2009-3546,https://avd.aquasec.com/nvd/cve-2009-3546,LOW,libwmflite-0.2-7,0.2.13-1.1+b3,
TEMP-0601525-BEBB65,https://security-tracker.debian.org/tracker/TEMP-0601525-BEBB65,LOW,libwmflite-0.2-7,0.2.13-1.1+b3,
CVE-2025-8732,https://avd.aquasec.com/nvd/cve-2025-8732,LOW,libxml2,2.12.7+dfsg+really2.9.14-2.1+deb13u1,
CVE-2025-8732,https://avd.aquasec.com/nvd/cve-2025-8732,LOW,libxml2-dev,2.12.7+dfsg+really2.9.14-2.1+deb13u1,
CVE-2015-9019,https://avd.aquasec.com/nvd/cve-2015-9019,LOW,libxslt1-dev,1.1.35-1.2+deb13u2,
CVE-2025-11731,https://avd.aquasec.com/nvd/cve-2025-11731,LOW,libxslt1-dev,1.1.35-1.2+deb13u2,
CVE-2015-9019,https://avd.aquasec.com/nvd/cve-2015-9019,LOW,libxslt1.1,1.1.35-1.2+deb13u2,
CVE-2025-11731,https://avd.aquasec.com/nvd/cve-2025-11731,LOW,libxslt1.1,1.1.35-1.2+deb13u2,
CVE-2004-0230,https://avd.aquasec.com/nvd/cve-2004-0230,LOW,linux-libc-dev,6.12.48-1,
CVE-2005-3660,https://avd.aquasec.com/nvd/cve-2005-3660,LOW,linux-libc-dev,6.12.48-1,
CVE-2007-3719,https://avd.aquasec.com/nvd/cve-2007-3719,LOW,linux-libc-dev,6.12.48-1,
CVE-2008-2544,https://avd.aquasec.com/nvd/cve-2008-2544,LOW,linux-libc-dev,6.12.48-1,
CVE-2008-4609,https://avd.aquasec.com/nvd/cve-2008-4609,LOW,linux-libc-dev,6.12.48-1,
CVE-2010-4563,https://avd.aquasec.com/nvd/cve-2010-4563,LOW,linux-libc-dev,6.12.48-1,
CVE-2010-5321,https://avd.aquasec.com/nvd/cve-2010-5321,LOW,linux-libc-dev,6.12.48-1,
CVE-2011-4915,https://avd.aquasec.com/nvd/cve-2011-4915,LOW,linux-libc-dev,6.12.48-1,
CVE-2011-4916,https://avd.aquasec.com/nvd/cve-2011-4916,LOW,linux-libc-dev,6.12.48-1,
CVE-2011-4917,https://avd.aquasec.com/nvd/cve-2011-4917,LOW,linux-libc-dev,6.12.48-1,
CVE-2012-4542,https://avd.aquasec.com/nvd/cve-2012-4542,LOW,linux-libc-dev,6.12.48-1,
CVE-2014-9892,https://avd.aquasec.com/nvd/cve-2014-9892,LOW,linux-libc-dev,6.12.48-1,
CVE-2014-9900,https://avd.aquasec.com/nvd/cve-2014-9900,LOW,linux-libc-dev,6.12.48-1,
CVE-2015-2877,https://avd.aquasec.com/nvd/cve-2015-2877,LOW,linux-libc-dev,6.12.48-1,
CVE-2016-10723,https://avd.aquasec.com/nvd/cve-2016-10723,LOW,linux-libc-dev,6.12.48-1,
CVE-2016-8660,https://avd.aquasec.com/nvd/cve-2016-8660,LOW,linux-libc-dev,6.12.48-1,
CVE-2017-0630,https://avd.aquasec.com/nvd/cve-2017-0630,LOW,linux-libc-dev,6.12.48-1,
CVE-2017-13693,https://avd.aquasec.com/nvd/cve-2017-13693,LOW,linux-libc-dev,6.12.48-1,
CVE-2017-13694,https://avd.aquasec.com/nvd/cve-2017-13694,LOW,linux-libc-dev,6.12.48-1,
CVE-2018-1121,https://avd.aquasec.com/nvd/cve-2018-1121,LOW,linux-libc-dev,6.12.48-1,
CVE-2018-12928,https://avd.aquasec.com/nvd/cve-2018-12928,LOW,linux-libc-dev,6.12.48-1,
CVE-2018-17977,https://avd.aquasec.com/nvd/cve-2018-17977,LOW,linux-libc-dev,6.12.48-1,
CVE-2019-11191,https://avd.aquasec.com/nvd/cve-2019-11191,LOW,linux-libc-dev,6.12.48-1,
CVE-2019-12378,https://avd.aquasec.com/nvd/cve-2019-12378,LOW,linux-libc-dev,6.12.48-1,
CVE-2019-12379,https://avd.aquasec.com/nvd/cve-2019-12379,LOW,linux-libc-dev,6.12.48-1,
CVE-2019-12380,https://avd.aquasec.com/nvd/cve-2019-12380,LOW,linux-libc-dev,6.12.48-1,
CVE-2019-12381,https://avd.aquasec.com/nvd/cve-2019-12381,LOW,linux-libc-dev,6.12.48-1,
CVE-2019-12382,https://avd.aquasec.com/nvd/cve-2019-12382,LOW,linux-libc-dev,6.12.48-1,
CVE-2019-12455,https://avd.aquasec.com/nvd/cve-2019-12455,LOW,linux-libc-dev,6.12.48-1,
CVE-2019-12456,https://avd.aquasec.com/nvd/cve-2019-12456,LOW,linux-libc-dev,6.12.48-1,
CVE-2019-16229,https://avd.aquasec.com/nvd/cve-2019-16229,LOW,linux-libc-dev,6.12.48-1,
CVE-2019-16230,https://avd.aquasec.com/nvd/cve-2019-16230,LOW,linux-libc-dev,6.12.48-1,
CVE-2019-16231,https://avd.aquasec.com/nvd/cve-2019-16231,LOW,linux-libc-dev,6.12.48-1,
CVE-2019-16232,https://avd.aquasec.com/nvd/cve-2019-16232,LOW,linux-libc-dev,6.12.48-1,
CVE-2019-16233,https://avd.aquasec.com/nvd/cve-2019-16233,LOW,linux-libc-dev,6.12.48-1,
CVE-2019-16234,https://avd.aquasec.com/nvd/cve-2019-16234,LOW,linux-libc-dev,6.12.48-1,
CVE-2019-19070,https://avd.aquasec.com/nvd/cve-2019-19070,LOW,linux-libc-dev,6.12.48-1,
CVE-2019-19378,https://avd.aquasec.com/nvd/cve-2019-19378,LOW,linux-libc-dev,6.12.48-1,
CVE-2020-11725,https://avd.aquasec.com/nvd/cve-2020-11725,LOW,linux-libc-dev,6.12.48-1,
CVE-2020-35501,https://avd.aquasec.com/nvd/cve-2020-35501,LOW,linux-libc-dev,6.12.48-1,
CVE-2021-26934,https://avd.aquasec.com/nvd/cve-2021-26934,LOW,linux-libc-dev,6.12.48-1,
CVE-2021-3714,https://avd.aquasec.com/nvd/cve-2021-3714,LOW,linux-libc-dev,6.12.48-1,
CVE-2022-0400,https://avd.aquasec.com/nvd/cve-2022-0400,LOW,linux-libc-dev,6.12.48-1,
CVE-2022-1247,https://avd.aquasec.com/nvd/cve-2022-1247,LOW,linux-libc-dev,6.12.48-1,
CVE-2022-25265,https://avd.aquasec.com/nvd/cve-2022-25265,LOW,linux-libc-dev,6.12.48-1,
CVE-2022-2961,https://avd.aquasec.com/nvd/cve-2022-2961,LOW,linux-libc-dev,6.12.48-1,
CVE-2022-3238,https://avd.aquasec.com/nvd/cve-2022-3238,LOW,linux-libc-dev,6.12.48-1,
CVE-2022-41848,https://avd.aquasec.com/nvd/cve-2022-41848,LOW,linux-libc-dev,6.12.48-1,
CVE-2022-44032,https://avd.aquasec.com/nvd/cve-2022-44032,LOW,linux-libc-dev,6.12.48-1,
CVE-2022-44033,https://avd.aquasec.com/nvd/cve-2022-44033,LOW,linux-libc-dev,6.12.48-1,
CVE-2022-4543,https://avd.aquasec.com/nvd/cve-2022-4543,LOW,linux-libc-dev,6.12.48-1,
CVE-2022-45884,https://avd.aquasec.com/nvd/cve-2022-45884,LOW,linux-libc-dev,6.12.48-1,
CVE-2022-45885,https://avd.aquasec.com/nvd/cve-2022-45885,LOW,linux-libc-dev,6.12.48-1,
CVE-2023-23039,https://avd.aquasec.com/nvd/cve-2023-23039,LOW,linux-libc-dev,6.12.48-1,
CVE-2023-26242,https://avd.aquasec.com/nvd/cve-2023-26242,LOW,linux-libc-dev,6.12.48-1,
CVE-2023-31081,https://avd.aquasec.com/nvd/cve-2023-31081,LOW,linux-libc-dev,6.12.48-1,
CVE-2023-31085,https://avd.aquasec.com/nvd/cve-2023-31085,LOW,linux-libc-dev,6.12.48-1,
CVE-2023-3640,https://avd.aquasec.com/nvd/cve-2023-3640,LOW,linux-libc-dev,6.12.48-1,
CVE-2024-0564,https://avd.aquasec.com/nvd/cve-2024-0564,LOW,linux-libc-dev,6.12.48-1,
CVE-2025-40113,https://avd.aquasec.com/nvd/cve-2025-40113,LOW,linux-libc-dev,6.12.48-1,
TEMP-0000000-F7A20F,https://security-tracker.debian.org/tracker/TEMP-0000000-F7A20F,LOW,linux-libc-dev,6.12.48-1,
CVE-2022-0563,https://avd.aquasec.com/nvd/cve-2022-0563,LOW,login,1:4.16.0-2+really2.41-5,
CVE-2007-5686,https://avd.aquasec.com/nvd/cve-2007-5686,LOW,login.defs,1:4.17.4-2,
CVE-2024-56433,https://avd.aquasec.com/nvd/cve-2024-56433,LOW,login.defs,1:4.17.4-2,
TEMP-0628843-DBAD28,https://security-tracker.debian.org/tracker/TEMP-0628843-DBAD28,LOW,login.defs,1:4.17.4-2,
CVE-2008-1687,https://avd.aquasec.com/nvd/cve-2008-1687,LOW,m4,1.4.19-8,
CVE-2008-1688,https://avd.aquasec.com/nvd/cve-2008-1688,LOW,m4,1.4.19-8,
CVE-2022-0563,https://avd.aquasec.com/nvd/cve-2022-0563,LOW,mount,2.41-5,
CVE-2025-6141,https://avd.aquasec.com/nvd/cve-2025-6141,LOW,ncurses-base,6.5+20250216-2,
CVE-2025-6141,https://avd.aquasec.com/nvd/cve-2025-6141,LOW,ncurses-bin,6.5+20250216-2,
CVE-2007-2243,https://avd.aquasec.com/nvd/cve-2007-2243,LOW,openssh-client,1:10.0p1-7,
CVE-2007-2768,https://avd.aquasec.com/nvd/cve-2007-2768,LOW,openssh-client,1:10.0p1-7,
CVE-2008-3234,https://avd.aquasec.com/nvd/cve-2008-3234,LOW,openssh-client,1:10.0p1-7,
CVE-2016-20012,https://avd.aquasec.com/nvd/cve-2016-20012,LOW,openssh-client,1:10.0p1-7,
CVE-2018-15919,https://avd.aquasec.com/nvd/cve-2018-15919,LOW,openssh-client,1:10.0p1-7,
CVE-2019-6110,https://avd.aquasec.com/nvd/cve-2019-6110,LOW,openssh-client,1:10.0p1-7,
CVE-2020-14145,https://avd.aquasec.com/nvd/cve-2020-14145,LOW,openssh-client,1:10.0p1-7,
CVE-2020-15778,https://avd.aquasec.com/nvd/cve-2020-15778,LOW,openssh-client,1:10.0p1-7,
CVE-2007-5686,https://avd.aquasec.com/nvd/cve-2007-5686,LOW,passwd,1:4.17.4-2,
CVE-2024-56433,https://avd.aquasec.com/nvd/cve-2024-56433,LOW,passwd,1:4.17.4-2,
TEMP-0628843-DBAD28,https://security-tracker.debian.org/tracker/TEMP-0628843-DBAD28,LOW,passwd,1:4.17.4-2,
CVE-2010-4651,https://avd.aquasec.com/nvd/cve-2010-4651,LOW,patch,2.8-2,
CVE-2018-6951,https://avd.aquasec.com/nvd/cve-2018-6951,LOW,patch,2.8-2,
CVE-2018-6952,https://avd.aquasec.com/nvd/cve-2018-6952,LOW,patch,2.8-2,
CVE-2021-45261,https://avd.aquasec.com/nvd/cve-2021-45261,LOW,patch,2.8-2,
CVE-2011-4116,https://avd.aquasec.com/nvd/cve-2011-4116,LOW,perl,5.40.1-6,
CVE-2011-4116,https://avd.aquasec.com/nvd/cve-2011-4116,LOW,perl-base,5.40.1-6,
CVE-2011-4116,https://avd.aquasec.com/nvd/cve-2011-4116,LOW,perl-modules-5.40,5.40.1-6,
TEMP-0517018-A83CE6,https://security-tracker.debian.org/tracker/TEMP-0517018-A83CE6,LOW,sysvinit-utils,3.14-4,
CVE-2005-2541,https://avd.aquasec.com/nvd/cve-2005-2541,LOW,tar,1.35+dfsg-3.1,
TEMP-0290435-0B57B5,https://security-tracker.debian.org/tracker/TEMP-0290435-0B57B5,LOW,tar,1.35+dfsg-3.1,
CVE-2021-35331,https://avd.aquasec.com/nvd/cve-2021-35331,LOW,tcl8.6,8.6.16+dfsg-1,
CVE-2021-35331,https://avd.aquasec.com/nvd/cve-2021-35331,LOW,tcl8.6-dev,8.6.16+dfsg-1,
CVE-2021-4217,https://avd.aquasec.com/nvd/cve-2021-4217,LOW,unzip,6.0-29,
CVE-2022-0563,https://avd.aquasec.com/nvd/cve-2022-0563,LOW,util-linux,2.41-5,
CVE-2022-0563,https://avd.aquasec.com/nvd/cve-2022-0563,LOW,uuid-dev,2.41-5,
CVE-2025-9820,https://avd.aquasec.com/nvd/cve-2025-9820,UNDEFINED,libgnutls-dane0t64,3.8.9-3,
CVE-2025-9820,https://avd.aquasec.com/nvd/cve-2025-9820,UNDEFINED,libgnutls-openssl27t64,3.8.9-3,
CVE-2025-9820,https://avd.aquasec.com/nvd/cve-2025-9820,UNDEFINED,libgnutls28-dev,3.8.9-3,
CVE-2025-9820,https://avd.aquasec.com/nvd/cve-2025-9820,UNDEFINED,libgnutls30t64,3.8.9-3,
CVE-2025-64181,https://avd.aquasec.com/nvd/cve-2025-64181,UNDEFINED,libopenexr-3-1-30,3.1.13-2,
CVE-2025-64181,https://avd.aquasec.com/nvd/cve-2025-64181,UNDEFINED,libopenexr-dev,3.1.13-2,